annee_numero_de_tirage;jour_de_tirage;date_de_tirage;date_de_forclusion;boule_1;boule_2;boule_3;boule_4;boule_5;etoile_1;etoile_2;boules_gagnantes_en_ordre_croissant;etoiles_gagnantes_en_ordre_croissant;nombre_de_gagnant_au_rang1_en_france;nombre_de_gagnant_au_rang1_en_europe;rapport_du_rang1;nombre_de_gagnant_au_rang2_en_france;nombre_de_gagnant_au_rang2_en_europe;rapport_du_rang2;nombre_de_gagnant_au_rang3_en_france;nombre_de_gagnant_au_rang3_en_europe;rapport_du_rang3;nombre_de_gagnant_au_rang4_en_france;nombre_de_gagnant_au_rang4_en_europe;rapport_du_rang4;nombre_de_gagnant_au_rang5_en_france;nombre_de_gagnant_au_rang5_en_europe;rapport_du_rang5;nombre_de_gagnant_au_rang6_en_france;nombre_de_gagnant_au_rang6_en_europe;rapport_du_rang6;nombre_de_gagnant_au_rang7_en_france;nombre_de_gagnant_au_rang7_en_europe;rapport_du_rang7;nombre_de_gagnant_au_rang8_en_france;nombre_de_gagnant_au_rang8_en_europe;rapport_du_rang8;nombre_de_gagnant_au_rang9_en_france;nombre_de_gagnant_au_rang9_en_europe;rapport_du_rang9;nombre_de_gagnant_au_rang10_en_france;nombre_de_gagnant_au_rang10_en_europe;rapport_du_rang10;nombre_de_gagnant_au_rang11_en_france;nombre_de_gagnant_au_rang11_en_europe;rapport_du_rang11;nombre_de_gagnant_au_rang12_en_france;nombre_de_gagnant_au_rang12_en_europe;rapport_du_rang12;nombre_de_gagnant_au_rang13_en_france;nombre_de_gagnant_au_rang13_en_europe;rapport_du_rang13;numero_My_Million;devise;
2016077;VENDREDI;23/09/16;23/11/16;14;39;42;49;16;9;3;-14-16-39-42-49-;-3-9-;1;1;23850387;1;6;221259,6;5;11;40229;12;42;5268;146;831;232,9;303;1573;123;454;2433;56,8;6964;37391;17;6441;37525;16,2;12124;70992;14,4;38842;206354;8,7;101401;570692;8,5;192880;1084325;4,5;PQ5913073;eur;
2016076;MARDI   ;20/09/2016;20/11/2016;45;41;4;1;10;9;6;-1-4-10-41-45-;-6-9-;0;0;0;0;2;446188,1;0;5;59491,7;4;26;5720,3;102;486;267,7;192;1073;121,2;258;1344;69,1;4118;22413;19;4598;24488;16,7;9430;50609;13,5;22551;125378;9,6;72409;387604;8,4;146543;780334;4,2;MW1931385;eur;
2016075;VENDREDI;16/09/2016;16/11/2016;32;5;22;8;14;2;11;-5-8-14-22-32-;-2-11-;0;1;39758892;0;5;281165,6;0;18;26033,8;9;53;4420,8;254;1299;157,8;616;2886;71;494;2236;65,4;6620;31711;21,2;10534;50649;12,7;24723;115845;9,3;30700;152928;12,4;135745;660389;7,8;312838;1478993;3,5;EO2795769;eur;
2016074;MARDI   ;13/09/2016;13/11/2016;44;16;4;7;35;3;1;-4-7-16-35-44-;-1-3-;0;0;0;0;2;486020,2;2;6;54002,2;6;33;4909,2;137;721;196,6;276;1512;93,7;272;1543;65,6;4188;23088;20,1;5579;30788;14,4;11342;63123;11,8;23190;125001;10,5;83797;457369;7,7;166451;921219;3,9;MN6024515;eur;
2016073;VENDREDI;09/09/2016;09/11/2016;28;4;11;17;15;1;3;-4-11-15-17-28-;-1-3-;0;0;0;2;5;267192,9;2;22;20241,8;19;86;2589;368;1601;121,6;716;3121;62,4;743;3342;41,6;8873;42091;15,2;12723;59311;10,3;24522;116032;8,8;35436;182659;9,9;147286;726434;6,7;280046;1414011;3,5;IM4410967;eur;
2016072;MARDI   ;06/09/2016;06/11/2016;45;12;34;24;30;7;10;-12-24-30-34-45-;-7-10-;0;0;0;0;0;0;0;3;397404,9;3;18;8279,2;114;597;218,4;200;1164;112;246;1290;72,2;3631;18403;23,2;5082;27416;14,9;10168;56294;12,2;19469;97750;12,3;75228;393013;8,3;149169;805392;4,1;SR6936620;eur;
2016071;VENDREDI;02/09/2016;02/11/2016;50;40;16;32;8;2;11;-8-16-32-40-50-;-2-11-;0;5;7840860;2;9;153095,1;4;21;21870,7;8;62;3703,9;183;1329;151,1;490;3253;61,7;323;1938;74;4601;27036;24,4;6256;39257;16;13821;84130;12,6;25465;145769;12,8;94295;559203;9;208297;1202683;4,2;KA8553605;eur;
2016070;MARDI   ;30/08/2016;30/10/2016;29;42;13;16;35;6;8;-13-16-29-35-42-;-6-8-;0;0;0;2;6;156756,5;1;5;62702,6;9;39;4019,3;131;730;187,8;208;1351;101,5;319;1706;57,4;4465;24722;18,2;5249;29884;14,4;10015;57774;12,5;23349;127940;9,9;76886;432657;7,9;150038;842183;4,1;AX1558028;eur;
2016069;VENDREDI;26/08/2016;26/10/2016;48;9;30;28;1;7;8;-1-9-28-30-48-;-7-8-;0;0;0;0;6;218708,1;3;9;48601,8;8;49;4463,4;192;962;198,9;340;1717;111,4;338;1918;71,2;5357;29949;20,9;8575;43710;13,7;14568;79654;12,6;27975;158445;11,2;123057;646104;7,4;207773;1158861;4,2;RW0333550;eur;
2016068;MARDI   ;23/08/2016;23/10/2016;2;31;45;37;23;8;4;-2-23-31-37-45-;-4-8-;0;0;0;0;3;293780,6;2;6;48963,4;3;28;5246;106;519;247,6;190;1053;122;244;1518;60,4;4023;23770;17,7;4051;24230;16,6;8350;49208;13,8;22688;128143;9,3;62851;368072;8,7;127946;750100;4,4;OU7851873;eur;
2016067;VENDREDI;19/08/2016;19/10/2016;22;6;5;25;34;7;5;-5-6-22-25-34-;-5-7-;0;1;54894441;2;9;157672;1;6;78836;11;77;3071,5;171;1083;191;311;1843;112,2;669;4164;35,4;11156;60222;11,2;9526;54007;12;15189;88430;12,3;53422;287782;6,6;138618;771820;6,7;221977;1275113;4,1;EQ6517044;eur;
2016066;MARDI   ;16/08/2016;16/10/2016;34;37;46;26;2;4;8;-2-26-34-37-46-;-4-8-;0;0;0;0;2;472441,7;2;4;78740,2;1;28;5624,3;69;494;278,9;190;1055;130,6;247;1537;64;3903;23246;19,4;3792;24369;17,7;7745;47846;15,2;23652;134632;9,5;61906;375941;9,2;121357;740356;4,7;RA7984149;eur;
2016065;VENDREDI;12/08/2016;12/10/2016;15;50;36;2;28;11;2;-2-15-28-36-50-;-2-11-;0;0;0;1;3;452022,3;4;12;37668,5;11;53;4264,3;163;928;213,1;325;1868;105,8;372;2075;68;4677;28070;23,1;6556;38950;15,9;13197;79765;13,1;24171;143935;12,7;97017;568992;8,7;204033;1188221;4,2;UO0811921;eur;
2016064;MARDI   ;09/08/2016;09/10/2016;19;43;44;12;45;10;5;-12-19-43-44-45-;-5-10-;0;0;0;0;5;190658,9;0;5;63552,9;1;28;5674,3;110;570;243,8;217;1104;125,9;224;1391;71,3;3435;21497;21,2;4685;27212;16;10174;55256;13,2;18852;119674;10,7;72411;416632;8,3;154892;837701;4,2;GN5538568;eur;
2016063;VENDREDI;05/08/2016;05/10/2016;19;16;24;37;35;2;7;-16-19-24-35-37-;-2-7-;0;0;0;0;3;436957,5;1;9;48550,8;14;59;3703;153;867;220,4;241;1571;121,6;583;2800;48,7;8195;40241;15,6;7329;40745;14,7;12642;74921;13,4;46388;221908;7,9;110157;609472;7,8;188240;1106375;4,4;EB9175825;eur;
2016062;MARDI   ;02/08/2016;02/10/2016;27;46;38;2;8;2;6;-2-8-27-38-46-;-2-6-;0;0;0;1;3;296716,8;2;5;59343,3;4;32;4636,2;145;705;184,1;207;1229;105,6;393;1912;48,4;5124;25896;16,4;5594;28925;14,1;9469;53240;12,8;26059;136918;8,8;77330;408629;7,9;138979;778310;4,2;KL0121199;eur;
2016061;VENDREDI;29/07/2016;28/09/2016;40;26;50;1;21;4;2;-1-21-26-40-50-;-2-4-;0;1;72413419;0;2;798845,4;1;10;53256,3;12;61;4365,2;166;1086;214,5;351;2460;94,7;381;2492;66,7;6120;36448;21;7214;45921;15,9;14705;96787;12,7;35114;202705;10,6;114641;687264;8,5;225633;1408157;4,2;OE8837000;eur;
2016060;MARDI   ;26/07/2016;25/09/2016;13;49;10;45;3;11;2;-3-10-13-45-49-;-2-11-;0;0;0;0;2;536905,5;1;3;119312,3;6;40;4474,2;136;731;214,2;291;1607;97,4;273;1536;72,8;3819;22316;23;5684;32020;15,3;14208;74485;11,1;20160;116448;12,4;83517;476923;8,2;197823;1077540;3,7;MI0306577;eur;
2016059;VENDREDI;22/07/2016;21/09/2016;26;45;24;7;37;9;5;-7-24-26-37-45-;-5-9-;0;0;0;3;7;198566,6;1;12;38610,1;9;70;3309,4;207;1080;187,6;347;1845;109,8;503;2969;48,7;7251;43443;15,3;8057;45488;14;15092;82217;13;39766;234234;8;120336;675188;7,5;226018;1214847;4,2;AH5578643;eur;
2016058;MARDI   ;19/07/2016;18/09/2016;24;37;19;28;36;6;3;-19-24-28-36-37-;-3-6-;0;0;0;0;1;966688,5;0;2;161114,7;9;37;4354,4;96;624;225,9;203;1175;119,9;382;1864;54;5576;27600;16,7;5394;30782;14,3;10204;58469;12,7;28569;145933;8,9;78608;447065;7,9;146319;842113;4,3;AP3543257;eur;
2016057;VENDREDI;15/07/2016;14/09/2016;2;11;14;13;21;1;8;-2-11-13-14-21-;-1-8-;0;0;0;0;10;133037,2;5;18;24636,5;16;83;2671,4;281;1372;141,4;557;2825;68,6;548;2753;50,3;7000;36350;17,5;10967;55624;10,9;22989;114885;8,9;32141;171840;10,4;132158;701192;6,9;272636;1458141;3,4;GQ4615499;eur;
2016056;MARDI   ;12/07/2016;11/09/2016;26;3;41;33;7;2;10;-3-7-26-33-41-;-2-10-;0;0;0;0;3;314888,5;2;8;39361;9;42;3748,6;111;630;218,6;244;1460;94,3;273;1471;66,8;3817;20377;22,2;4990;29171;14,8;11785;68552;10,6;20284;106761;11,9;73525;416470;8,3;170896;956974;3,7;AX7514288;eur;
2016055;VENDREDI;08/07/2016;07/09/2016;12;18;8;44;33;8;4;-8-12-18-33-44-;-4-8-;0;0;0;2;7;186973,8;1;9;48474,6;28;80;2726,7;270;1321;144,4;490;2252;84,7;826;3693;36,9;9652;45744;13,7;10416;49957;12;19238;92889;10,8;41969;206879;8,5;134065;663655;7,2;253684;1260603;3,8;UW8928561;eur;
2016054;MARDI   ;05/07/2016;04/09/2016;38;29;10;48;1;4;3;-1-10-29-38-48-;-3-4-;0;0;0;0;2;446081;0;4;74346,8;8;37;4018,7;109;565;230,2;221;1124;115,7;192;1182;78,6;3352;18771;22,7;5011;25884;15,7;9934;51524;13,3;18596;104997;11,5;77315;394597;8,2;146543;770402;4,3;DF5346701;eur;
2016053;VENDREDI;01/07/2016;31/08/2016;11;50;13;40;2;10;1;-2-11-13-40-50-;-1-10-;0;1;23845060;1;3;442252,9;0;8;55281,6;6;49;4512,7;141;785;246,4;345;1950;99,2;266;1705;81;4655;25899;24,5;6854;37370;16,2;16757;87491;11,6;23926;130711;13,7;104117;555254;8,7;253987;1315084;3,7;IH4989325;eur;
2016052;MARDI   ;28/06/2016;28/08/2016;43;37;32;26;49;5;4;-26-32-37-43-49-;-4-5-;0;0;0;1;8;110915,9;0;4;73943,9;10;22;6722,1;108;654;197,8;226;1195;108,2;205;1206;76,6;2970;17853;23,8;3922;24421;16,6;7975;47233;14,4;18101;102983;11,6;61041;365099;8,9;117033;677669;4,9;IB5770237;eur;
2016051;VENDREDI;24/06/2016;24/08/2016;11;19;39;28;27;3;10;-11-19-27-28-39-;-3-10-;1;1;39675953;0;4;348865,2;3;9;51683,7;12;57;4080,2;274;1259;161,6;558;2798;72,7;524;2479;58,6;6554;34015;19,6;9997;51738;12,3;22063;112550;9,5;30447;166438;11,3;127025;676508;7,5;283753;1465740;3,5;NQ5958142;eur;
2016050;MARDI   ;21/06/2016;21/08/2016;32;35;17;49;5;5;1;-5-17-32-35-49-;-1-5-;0;0;0;0;2;483196,4;1;9;35792,3;4;49;3287;125;767;183,7;218;1397;100,8;285;1656;60,7;4420;24775;18,6;5102;31392;14,1;10151;58204;12,7;24105;129583;10;79343;456867;7,7;147209;832650;4,3;BY8798563;eur;
2016049;VENDREDI;17/06/2016;17/08/2016;43;1;18;27;7;8;4;-1-7-18-27-43-;-4-8-;0;0;0;0;3;446513;3;11;40592;12;76;2937,5;283;1261;154,9;658;2677;72,9;618;3037;45,9;8802;41215;15,5;10590;49895;12,3;22776;104564;9,8;42188;203885;8,8;137114;656067;7,4;288319;1362394;3,6;DB8830945;eur;
2016048;MARDI   ;14/06/2016;14/08/2016;13;50;42;39;34;11;9;-13-34-39-42-50-;-9-11-;0;0;0;0;1;929476,8;1;5;61965,1;3;29;5341,8;104;529;256,2;185;1078;125,7;191;1328;72,9;3166;19382;22,9;4588;26356;16,1;9957;54820;13;16569;99310;12,6;66164;379126;8,9;146307;802799;4,3;OM3274174;eur;
2016047;VENDREDI;10/06/2016;10/08/2016;21;35;42;14;43;7;9;-14-21-35-42-43-;-7-9-;0;1;85076371;1;3;601952,3;3;7;85993,1;30;152;1980,1;460;2065;127,5;644;2894;91;887;3607;52,1;11621;47941;18;13948;60870;13,5;24540;106247;13,1;66943;263910;9,2;192865;822435;8;345722;1480448;4,5;JE8315832,AJ1179744,EQ9110931,GO9369660,NU4395868,HG5181382,OH9288562,JM8056487,UT9941562,JU8458724,DI2442762,VS8780237;eur;
2016046;MARDI   ;07/06/2016;07/08/2016;26;49;19;45;35;2;5;-19-26-35-45-49-;-2-5-;0;0;0;0;1;1255017,8;0;4;104584,8;12;54;3873,5;133;755;242,4;332;1437;127,3;478;2321;56,3;7323;34991;17,1;7599;36408;15,7;14579;68217;14,1;42103;200771;8,4;116490;561022;8,2;217954;1018814;4,6;SX9693112,UQ8420444,SI6976752,EE0633882,IX5780028,GZ5943574,JB5821805,RB1242172,DC0851652,QW0660395,VG2847010,FP8821072;eur;
2016045;VENDREDI;03/06/2016;03/08/2016;7;31;39;23;33;6;10;-7-23-31-33-39-;-6-10-;0;0;0;1;6;260823;2;15;34776,4;13;70;3726;200;1248;182,8;408;3002;76;391;2440;66,8;5792;34219;21,9;8633;48370;14,8;20197;115612;10,4;29444;172915;12,2;122562;675793;8,4;286195;1589903;3,6;DL0503341;eur;
2016044;MARDI   ;31/05/2016;31/07/2016;6;30;26;48;12;6;7;-6-12-26-30-48-;-6-7-;0;0;0;2;12;90160,6;1;9;40071,4;9;52;3467,7;229;1006;156,8;341;1765;89,3;401;2149;52,4;5398;28482;18,2;8466;41960;11,8;13116;70092;11,8;25280;139128;10,5;108543;551311;7,1;171166;952524;4,2;FH5356658;eur;
2016043;VENDREDI;27/05/2016;27/07/2016;46;27;13;43;25;4;8;-13-25-27-43-46-;-4-8-;0;0;0;1;8;185870,9;3;15;33043,7;15;70;3540,3;209;1038;208,9;428;2121;102,2;497;2851;54,3;7797;42546;16,7;8781;47605;14,3;17635;97634;11,7;42346;223210;9;122905;682322;7,9;249238;1385056;4;AA5124157;eur;
2016042;MARDI   ;24/05/2016;24/07/2016;37;17;34;16;23;9;6;-16-17-23-34-37-;-6-9-;0;0;0;1;5;199577,7;1;5;66525,9;4;53;3138;130;734;198,2;268;1432;101,6;326;1925;53,9;4509;27494;17,3;5574;32595;14;10921;64024;12;23683;139929;9,6;79603;465310;7,8;157596;924835;4;KO6484641;eur;
2016041;VENDREDI;20/05/2016;20/07/2016;41;9;30;14;45;4;9;-9-14-30-41-45-;-4-9-;0;0;0;0;0;0;0;2;923685,2;11;60;3848,6;145;844;239,4;303;1641;123,1;535;2677;53,9;8263;41450;16;7566;39944;15,8;13857;76130;14;42099;217358;8,6;118210;612954;8,2;219993;1177185;4,4;NK3931346;eur;
2016040;MARDI   ;17/05/2016;17/07/2016;32;27;39;36;15;3;10;-15-27-32-36-39-;-3-10-;0;0;0;1;3;311110;1;6;51851,6;3;34;4575,1;98;546;249,2;186;1235;110,2;233;1284;75,7;3287;19066;23,4;4037;26089;16,3;8875;56541;12,7;18285;102016;12,3;62509;384775;8,8;136849;824629;4,2;MQ6102462;eur;
2016039;VENDREDI;13/05/2016;13/07/2016;31;28;42;15;7;10;11;-7-15-28-31-42-;-10-11-;0;0;0;1;6;258521,8;7;20;25852,1;15;64;4039,4;316;1156;195,6;957;3419;66,1;466;2042;79,1;6811;29431;25,2;11476;43727;16,2;34360;128707;9,2;35897;157728;13,3;152773;592167;9,6;439219;1682415;3,4;JK3884979;eur;
2016038;MARDI   ;10/05/2016;10/07/2016;40;2;26;27;49;10;5;-2-26-27-40-49-;-5-10-;0;1;73002277;1;1;1219013,1;1;6;67722,9;5;41;4955,3;90;637;279;199;1368;129,9;233;1765;71,9;4068;27613;21,1;5173;32530;17,1;11232;66142;14,2;23240;150844;10,9;83576;512239;8,7;179723;1042147;4,3;DQ0509320;eur;
2016037;VENDREDI;06/05/2016;06/07/2016;45;48;40;34;32;10;1;-32-34-40-45-48-;-1-10-;0;0;0;0;4;381862,6;1;10;50915;2;41;6209,1;118;827;269,3;235;1664;133,8;266;1683;94,5;4064;26001;28,1;5523;35124;19,9;12635;78567;14,9;22618;142403;14,5;83769;530426;10,5;196842;1222213;4,6;DQ6802242;eur;
2016036;MARDI   ;03/05/2016;03/07/2016;23;34;8;24;38;3;7;-8-23-24-34-38-;-3-7-;0;0;0;0;1;1073862,1;3;7;51136,2;3;71;2520,8;137;838;186,8;228;1493;104,8;510;2900;38,5;8117;42604;12;6577;36484;13,4;11237;67095;12,3;43344;222486;6,5;99475;525897;7,4;170390;964243;4,1;QD0997967;eur;
2016035;VENDREDI;29/04/2016;29/06/2016;4;25;28;5;43;6;11;-4-5-25-28-43-;-6-11-;0;0;0;2;8;191461,3;2;7;72937,6;6;47;5431,5;166;917;243,5;414;2149;103,9;352;2009;79,4;5346;30776;23,8;7805;43451;16,1;19455;102486;11,5;27709;161195;12,8;118723;660939;8,4;294071;1553921;3,6;GD8863612;eur;
2016034;MARDI   ;26/04/2016;26/06/2016;10;42;17;32;31;2;5;-10-17-31-32-42-;-2-5-;0;0;0;1;4;252183,2;0;3;112081,4;8;31;5423,2;91;662;222,2;170;1139;129,1;342;2043;51,4;5282;30605;15,7;5327;31854;14,5;9840;57617;13,4;29402;165985;8,2;82831;483456;7,6;152100;862971;4,3;JE0924921;eur;
2016033;VENDREDI;22/04/2016;22/06/2016;32;43;26;34;17;2;10;-17-26-32-34-43-;-2-10-;0;0;0;0;4;346125;0;5;92300;6;46;5016,3;180;899;224,5;412;2114;95,5;382;2005;71,9;5241;27657;23,9;7008;38836;16,3;15816;87857;12,1;27733;147238;12,7;96786;549160;9,2;218679;1230855;4,2;CO7883296;eur;
2016032;MARDI   ;19/04/2016;19/06/2016;27;14;44;15;11;7;2;-11-14-15-27-44-;-2-7-;0;0;0;1;1;955091,4;2;5;63672,7;15;59;2697,9;137;796;174,9;263;1486;93,7;631;2789;35,6;8106;37022;12,3;7365;37602;11,6;12265;66465;11;37570;174853;7,3;100004;517349;6,7;169679;921075;3,8;TZ3258359;eur;
2016031;VENDREDI;15/04/2016;15/06/2016;13;32;37;14;48;1;7;-13-14-32-37-48-;-1-7-;0;0;0;0;1;1340631,9;0;5;89375,4;9;44;5078,1;123;732;267;214;1464;133,5;423;2091;66,7;7014;33093;19,4;6598;37564;16,3;12257;72605;14,2;42089;187673;9,6;111333;593179;8,2;200998;1127415;4,4;UC0092745;eur;
2016030;MARDI   ;12/04/2016;12/06/2016;9;1;5;22;38;10;2;-1-5-9-22-38-;-2-10-;0;1;65001096;2;4;290662,7;3;12;32295,8;11;37;5237,1;193;1001;169,3;461;2324;72,9;371;1894;63,9;5146;25589;21,7;7840;40798;13;18958;95663;9,3;24950;130635;12;98468;531598;8;230306;1212998;3,5;AR0990341;eur;
2016029;VENDREDI;08/04/2016;08/06/2016;43;8;49;6;26;10;6;-6-8-26-43-49-;-6-10-;0;0;0;0;2;777680,2;0;7;74064,7;14;51;5082,8;162;904;250,9;332;1814;125;374;2131;76;5735;32132;23,1;8249;42751;16,6;17010;89288;13,4;29412;169589;12,4;123089;640864;8,8;270321;1396081;4,1;FD8542317;eur;
2016028;MARDI   ;05/04/2016;05/06/2016;3;19;40;9;5;5;2;-3-5-9-19-40-;-2-5-;0;0;0;2;4;265011,4;3;10;35334,8;19;79;2236,3;283;1333;115,9;406;1992;77,6;576;3146;35;7674;39168;12,9;10168;50357;9,6;16953;82508;9,9;33906;183397;7,8;117933;607490;6,3;207759;1043040;3,8;OV4824475;eur;
2016027;VENDREDI;01/04/2016;01/06/2016;23;25;2;49;16;6;9;-2-16-23-25-49-;-6-9-;0;0;0;2;5;289093,3;1;3;160607,3;14;62;3885,6;197;995;211,8;400;1953;107,9;471;2451;61,4;7217;38388;18;8981;45694;14,4;17678;89976;12,3;38427;205481;9,5;129825;664310;7,9;257102;1312419;4,1;RC9081509;eur;
2016026;MARDI   ;29/03/2016;29/05/2016;4;25;19;36;1;3;11;-1-4-19-25-36-;-3-11-;0;0;0;0;3;308454,7;2;6;51409,1;5;24;6426,1;108;638;211,5;252;1484;90,9;216;1217;79,2;3149;17557;25,2;5324;29014;14,6;11996;63505;11,2;16865;93192;13,4;75109;417570;8,1;171606;898416;3,8;BH2688488;eur;
2016025;VENDREDI;25/03/2016;25/05/2016;43;36;12;42;19;8;5;-12-19-36-42-43-;-5-8-;0;0;0;0;3;450425,3;1;6;75070,8;8;65;3464,8;187;941;209,4;325;1658;118,8;514;2892;48,6;8788;45365;14,2;7859;40899;15,1;15214;76237;13,6;46573;240487;7,6;118417;612183;8;230144;1127804;4,4;QL4503469;eur;
2016024;MARDI   ;22/03/2016;22/05/2016;15;49;12;26;42;5;8;-12-15-26-42-49-;-5-8-;0;0;0;0;1;927462;3;8;38644,2;7;40;3864,4;125;644;210;211;1200;112,7;394;2152;44,8;5894;32483;13,6;5498;29725;14,3;10772;54468;13,1;30962;171245;7,3;83437;441393;7,7;159445;798353;4,3;KW6052730;eur;
2016023;VENDREDI;18/03/2016;18/05/2016;14;49;21;19;24;5;11;-14-19-21-24-49-;-5-11-;0;1;59687034;1;4;388021,8;1;10;51736,2;14;62;4172,2;210;1048;215,9;478;2249;100,6;382;2320;69,6;5627;34009;21,8;9418;50124;14,1;21225;103830;11,5;30000;179955;11,6;135294;723314;7,8;303016;1495041;3,8;LS2876887;eur;
2016022;MARDI   ;15/03/2016;15/05/2016;7;10;5;44;34;10;2;-5-7-10-34-44-;-2-10-;0;0;0;0;2;538801,5;1;9;39911,2;11;34;5282,3;127;688;228,4;289;1517;103,5;401;1699;66;5814;24726;20,8;7339;35211;14;15580;76272;10,8;26368;123793;11,7;105617;511992;7,7;225965;1119057;3,6;LU5486035;eur;
2016021;VENDREDI;11/03/2016;11/05/2016;26;43;1;21;40;9;6;-1-21-26-40-43-;-6-9-;0;0;0;2;3;503809,5;1;5;100761,9;7;38;6629;145;817;269,7;274;1609;136,9;428;2242;70,2;6864;36063;20;7523;40264;17,2;14915;79039;14,7;40301;205443;9,9;124631;632914;8,7;245190;1253417;4,5;KF7439918;eur;
2016020;MARDI   ;08/03/2016;08/05/2016;9;14;23;8;1;7;1;-1-8-9-14-23-;-1-7-;0;0;0;2;7;149414,4;3;6;58105,6;16;62;2811,5;362;1281;119;524;2095;72,8;753;2720;40;8959;33855;14,8;12100;48841;9,8;19399;82845;9,7;37793;153832;9,2;134035;577174;6,6;231128;1060179;3,6;VY7735395;eur;
2016019;VENDREDI;04/03/2016;04/05/2016;9;23;40;16;14;1;5;-9-14-16-23-40-;-1-5-;0;0;0;2;4;379008,8;2;3;168448,3;21;70;3609,6;279;1232;179,4;562;2373;93,1;733;2921;54;9634;40373;17,9;12627;54065;12,8;25155;102561;11,3;48818;205617;9,9;175056;748522;7,4;346417;1424929;3,9;NM7936544,AR5855166,FU1253757,GD4576906,UB8534811;eur;
2016018;MARDI   ;01/03/2016;01/05/2016;37;7;28;13;4;11;10;-4-7-13-28-37-;-10-11-;0;0;0;2;4;252849,7;3;9;37459,2;12;38;4435,9;249;922;159,9;737;2801;52,6;324;1533;68,7;4631;21383;22,6;8116;32322;14,3;25123;100943;7,7;22347;106733;12,8;99370;417649;8,8;296074;1228114;3;NX2388310,DD4108857,CL8815008,RA9340923,MZ8211941;eur;
2016017;VENDREDI;26/02/2016;27/04/2016;13;50;5;33;15;9;11;-5-13-15-33-50-;-9-11-;0;1;15000000;1;4;364156,3;3;18;26974,5;12;46;5277,6;219;1333;159,3;480;3044;69,7;387;2452;61,8;5171;31898;21,8;9270;51988;12,8;21202;115878;9,6;24708;156133;12,6;122307;682446;7,8;288598;1536951;3,5;RN4071733;eur;
2016016;MARDI   ;23/02/2016;24/04/2016;42;32;23;25;37;11;1;-23-25-32-37-42-;-1-11-;0;1;31340088;0;1;1026062,9;1;6;57003,4;8;35;4886;94;522;286,6;276;1432;104,4;229;1355;78,8;3962;21800;22,5;4090;24956;18,8;10733;63850;12,3;21871;117666;11,8;66533;385033;9,7;169906;960766;4;NV2224822;eur;
2016015;VENDREDI;19/02/2016;20/04/2016;32;13;14;39;30;3;9;-13-14-30-32-39-;-3-9-;0;0;0;0;1;1424950,2;1;5;94996,6;7;60;3958,1;157;857;242,4;298;1631;127,4;560;2870;51,7;8921;45880;14,8;7682;43364;15;15103;82805;13,2;50164;246637;7,8;126735;678742;7,6;237763;1265283;4,2;FN0767739;eur;
2016014;MARDI   ;16/02/2016;17/04/2016;3;22;50;10;37;6;10;-3-10-22-37-50-;-6-10-;0;0;0;0;3;323686,1;1;8;40460,7;10;39;4149,8;123;652;217,1;273;1468;96,4;241;1385;73;3689;20540;22,6;5410;29172;15,2;11942;63836;11,7;19075;106888;12,3;81463;424632;8,3;181365;952864;3,8;NI8828496;eur;
2016013;VENDREDI;12/02/2016;13/04/2016;31;49;28;20;3;5;2;-3-20-28-31-49-;-2-5-;0;1;32002496;1;2;760400,4;3;15;33795,5;10;69;3673,4;197;1072;206,8;397;1895;117;638;2937;53,9;8809;44355;16,4;9829;48456;14,3;18809;87810;13,3;49117;246653;8,3;145071;719586;7,7;269438;1302875;4,3;SJ7862380;eur;
2016012;MARDI   ;09/02/2016;10/04/2016;9;6;13;28;37;4;5;-6-9-13-28-37-;-4-5-;0;0;0;1;2;514786,7;4;16;21449,4;7;46;3730,3;236;1067;140,7;442;1893;79,3;509;2178;49,2;6144;28850;17,1;9447;43410;10,8;17604;77521;10,2;26932;136291;10,2;117320;565603;6,6;219792;1018989;3,7;OL0069992;eur;
2016011;VENDREDI;05/02/2016;06/04/2016;46;32;27;3;41;4;8;-3-27-32-41-46-;-4-8-;0;0;0;0;2;778378,2;3;8;64864,8;12;60;4324,3;178;887;255,9;381;1662;136,5;514;2405;67,4;8592;38320;19,4;10157;42708;16,7;17712;82686;14,5;53018;222426;9,4;144331;636653;8,9;291766;1275854;4,5;SX6418727,LI7232171,KH2566499,NG1573362,DU7438607;eur;
2016010;MARDI   ;02/02/2016;03/04/2016;36;21;10;6;9;6;2;-6-9-10-21-36-;-2-6-;0;1;15000000;0;5;224091,3;2;7;53355;9;62;3011,9;245;987;165,5;386;1722;94,8;696;2870;40,6;9297;38338;14;10660;44127;11,6;18549;77614;11,1;43320;179456;8,4;137704;572734;7,1;256097;1080519;3,8;ME5314003,PY9314689,RQ2026528,LC8410781,JT3138022;eur;
2016009;VENDREDI;29/01/2016;30/03/2016;29;32;23;1;5;1;7;-1-5-23-29-32-;-1-7-;1;2;66188316;1;6;408293,6;1;5;163317,4;31;97;4209,2;332;1906;187,4;584;3260;109,5;1006;4692;54,3;14612;67867;17,2;16744;86627;12,9;28219;159592;11,8;69288;339210;9,7;228717;1219495;7,3;399630;2294832;4;OK4775732;eur;
2016008;MARDI   ;26/01/2016;27/03/2016;15;40;24;48;38;2;9;-15-24-38-40-48-;-2-9-;0;0;0;0;0;0;1;16;139344,6;8;48;5806;137;959;254,2;323;2016;120,9;382;2418;72;6428;39834;20,1;7173;47410;16,1;14702;93067;13,8;37204;221496;10,2;112120;717630;8,5;222848;1406007;4,4;UD4606461;eur;
2016007;VENDREDI;22/01/2016;23/03/2016;27;10;30;47;12;9;8;-10-12-27-30-47-;-8-9-;0;0;0;2;8;259148,9;5;13;53158,7;21;85;4065;329;1715;176,2;694;3303;91,5;638;3369;64,1;8624;48970;20,2;14970;75976;12,5;28463;142206;11,2;42289;246945;11,3;201903;1067097;7,1;380422;1986302;3,9;OI5939456;eur;
2016006;MARDI   ;19/01/2016;20/03/2016;2;30;38;43;46;7;2;-2-30-38-43-46-;-2-7-;0;0;0;0;2;685000,7;0;9;50740,7;6;36;6342,5;104;702;284,6;186;1351;147,8;402;2222;64,2;6946;36527;17,9;5869;35497;17,6;10677;69601;15,1;43207;219676;8,4;91874;551367;9,1;162535;1031287;4,9;VY5846832;eur;
2016005;VENDREDI;15/01/2016;16/03/2016;43;38;19;10;46;1;11;-10-19-38-43-46-;-1-11-;0;0;0;1;4;458316,4;3;9;67898,7;13;59;5178,7;158;912;293,1;403;2178;122,7;416;2319;82,3;6518;35779;24,5;7639;44558;18,8;18896;105438;13,4;37819;205054;12,1;118990;679503;9,8;299618;1643761;4,1;KF0375027;eur;
2016004;MARDI   ;12/01/2016;13/03/2016;2;10;30;44;1;1;8;-1-2-10-30-44-;-1-8-;0;0;0;0;0;0;1;2;833543,7;10;47;4433,7;148;828;220,2;289;1569;116,2;428;2190;59,4;6216;31161;19,2;8948;43218;13,2;15115;77736;12,3;30444;159083;10,6;113453;593305;7,7;216330;1141910;4,1;UO0678877;eur;
2016003;VENDREDI;08/01/2016;09/03/2016;35;33;26;40;5;3;8;-5-26-33-35-40-;-3-8-;0;0;0;0;0;0;0;6;382841,8;13;54;5317,2;186;1060;237;310;2015;124,6;534;3263;54,9;8169;48968;16,8;8348;51438;15,3;15481;95268;13,9;46437;269589;8,6;132691;778540;8,1;245279;1445469;4,4;DC7851819;eur;
2016002;MARDI   ;05/01/2016;06/03/2016;36;10;6;39;31;6;10;-6-10-31-36-39-;-6-10-;0;0;0;2;2;585428;1;2;195142,6;9;50;3902,8;106;622;274,5;211;1308;130,5;321;1913;63,7;4512;25865;21,6;5223;31029;17,2;11164;65145;13,8;20755;125121;12,6;84995;481036;8,9;180069;1019021;4,3;EF7876387;eur;
2016001;VENDREDI;01/01/2016;02/03/2016;44;37;38;39;4;4;7;-4-37-38-39-44-;-4-7-;0;0;0;2;6;243807,3;6;10;48761,4;9;51;4780,5;168;861;247,7;286;1770;120,5;545;2758;55,2;8506;41595;16,8;7160;40591;16,5;14314;87481;12,8;51079;236672;8,3;114007;611546;8,7;203601;1154641;4,7;TR5277485;eur;
2015104;MARDI   ;29/12/2015;28/02/2016;5;36;32;31;20;6;7;-5-20-31-32-36-;-6-7-;0;0;0;2;4;279268,8;2;10;37235,8;3;31;6005,7;94;560;290,9;185;1129;144,2;233;1504;77,3;4166;24265;22;5164;30546;16,7;9377;57321;15;25139;140078;10,7;88171;493102;8,3;155734;910781;4,5;QL2327014;eur;
2015103;VENDREDI;25/12/2015;24/02/2016;10;27;40;3;25;9;3;-3-10-25-27-40-;-3-9-;0;0;0;1;7;212036,9;1;7;70678,9;13;94;2631,6;260;1492;145;424;2538;85,2;754;3857;40;9892;51941;13,6;10637;58147;11,6;17648;102024;11,2;46327;251145;8;137061;776749;7;247203;1417161;3,9;PY2478509;eur;
2015102;MARDI   ;22/12/2015;21/02/2016;19;41;18;40;20;7;10;-18-19-20-40-41-;-7-10-;0;0;0;2;5;221867,1;2;6;61629,7;5;31;5964,1;91;624;259,2;189;1202;134,5;235;1359;85;3870;22046;24,1;4598;28753;17,6;9538;59773;14,3;22766;123084;12,2;79931;461542;8,8;160686;953657;4,3;UU6114415;eur;
2015101;VENDREDI;18/12/2015;17/02/2016;22;6;26;29;48;5;6;-6-22-26-29-48-;-5-6-;0;1;83228800;0;4;457291;0;9;67746,8;9;67;4550,1;227;1286;207,4;384;2242;118,9;547;3173;60;8535;47033;18,6;11569;61931;13,5;19284;105026;13,4;41516;240702;10,2;172121;908022;7,3;297532;1572255;4,3;VA3590342;eur;
2015100;MARDI   ;15/12/2015;14/02/2016;11;27;35;8;23;4;11;-8-11-23-27-35-;-4-11-;0;0;0;1;3;419210,1;1;13;32246,9;9;50;4192,1;212;1171;156,6;547;2956;62;323;2004;65,3;4441;26245;22,9;8297;45793;12,5;19927;107675;9;21911;131148;12,9;105920;584027;7,8;250800;1357462;3,4;EB2230599;eur;
2015099;VENDREDI;11/12/2015;10/02/2016;43;5;21;3;40;11;6;-3-5-21-40-43-;-6-11-;0;0;0;1;2;841042,8;2;10;56069,5;8;40;7008,6;165;981;250;406;2278;107,6;412;2270;77,1;5991;32520;24,7;8097;46327;16,6;19980;108715;11,9;32430;173412;13,1;129681;699462;8,8;312860;1631715;3,8;PK1704840;eur;
2015098;MARDI   ;08/12/2015;07/02/2016;48;29;12;38;17;9;11;-12-17-29-38-48-;-9-11-;0;0;0;1;7;153645,2;1;6;59750,9;6;36;4979,2;153;771;203,4;349;1691;92,7;259;1551;72,2;3962;22068;23,3;6405;32738;15;15011;72476;11,4;20632;115827;12,5;91496;466958;8,4;215077;1042751;3,8;SX3093706;eur;
2015097;VENDREDI;04/12/2015;03/02/2016;17;27;18;39;8;7;1;-8-17-18-27-39-;-1-7-;0;0;0;0;5;322433,9;3;12;44782,4;26;97;2770;360;1616;145,4;721;3634;64,6;810;3366;49,8;11115;46973;16,4;13290;63112;11,7;25586;127874;9,7;51482;222423;9,8;176064;839364;7;319910;1627033;3,7;PO3338449;eur;
2015096;MARDI   ;01/12/2015;31/01/2016;35;15;45;25;2;10;8;-2-15-25-35-45-;-8-10-;0;0;0;0;8;137599,8;2;15;24462,2;15;84;2184,1;395;2982;53,8;900;7136;22,4;275;1599;71,7;3685;21986;23,9;5158;31970;15,7;11966;71395;11,8;21555;119550;12,4;77183;442121;9,1;178091;992606;4,1;HY9126816;eur;
2015095;VENDREDI;27/11/2015;27/01/2016;50;16;30;37;29;6;8;-16-29-30-37-50-;-6-8-;0;0;0;1;6;279492,3;1;4;139746,1;20;51;5480,2;228;1059;230,9;444;1958;124,9;590;2614;66,8;9371;40704;19,7;10658;47307;16,2;20545;91267;14,1;52486;224070;10,1;164161;728793;8,4;317256;1405667;4,4;JN1562187,CL0730633,VM7514803,GX2760007,TT5010478;eur;
2015094;MARDI   ;24/11/2015;24/01/2016;26;14;17;9;16;10;11;-9-14-16-17-26-;-10-11-;0;0;0;0;3;360953;1;11;32813,9;8;29;6223,3;163;669;236;492;2116;74,6;345;1525;73,9;4291;21105;24,5;6806;29160;17;21959;92421;9;23031;111558;13,1;95980;418681;9,4;288953;1231587;3,2;BG9499109,KL3990317,SZ9642763,GH2434739,CI2039927;eur;
2015093;VENDREDI;20/11/2015;20/01/2016;34;49;30;46;4;8;7;-4-30-34-46-49-;-7-8-;0;1;163553041;1;8;355600,1;0;8;118533,3;12;82;5782,1;187;1517;273,4;403;3018;137,4;535;3915;75,6;9052;58928;23,1;11372;76686;17;20798;143708;15,2;54858;341517;11,2;190661;1206195;8,6;336237;2214422;4,8;UJ4158337;eur;
2015092;MARDI   ;17/11/2015;17/01/2016;6;37;23;38;7;11;10;-6-7-23-37-38-;-10-11-;0;0;0;1;2;1028955,2;0;9;76218,9;5;54;6351,5;129;1167;257,1;360;2760;108,7;369;2915;73,5;5849;43168;22,8;7819;55345;17;20976;142610;11,1;31183;229746;12,1;119526;818871;9,2;325664;2119579;3,6;SJ9085776;eur;
2015091;VENDREDI;13/11/2015;13/01/2016;33;10;18;40;17;8;2;-10-17-18-33-40-;-2-8-;0;0;0;1;5;566130,1;4;18;52419,4;34;165;2859,2;534;2144;192,5;1082;4203;98,2;1585;6538;45;22659;93702;14,4;22154;93404;13,8;44109;181843;11,9;117071;482173;7,9;321394;1347905;7,7;633372;2651614;4;GS0033261;eur;
2015090;MARDI   ;10/11/2015;10/01/2016;43;39;13;6;18;2;8;-6-13-18-39-43-;-2-8-;0;0;0;0;4;449898,3;5;9;66651,6;6;65;4614,3;266;1301;201,7;485;2485;105,6;812;4016;46,6;10855;56501;15,2;10890;57202;14,4;21186;113401;12,2;56108;294157;8,2;159376;833139;7,9;317748;1661907;4;JL9598701;eur;
2015089;VENDREDI;06/11/2015;06/01/2016;26;40;38;17;3;4;10;-3-17-26-38-40-;-4-10-;0;0;0;1;8;328233,5;0;15;58352,6;23;99;4420,6;349;1860;205,8;864;4306;88,9;841;3744;73;11607;53611;23,4;15715;76936;15,6;34945;174064;11,6;61192;280354;12,6;232228;1106167;8,7;518399;2480331;3,9;BM3372109;eur;
2015088;MARDI   ;03/11/2015;03/01/2016;39;27;49;8;46;2;6;-8-27-39-46-49-;-2-6-;0;0;0;0;3;374555,4;2;4;93638,8;10;43;4355,2;114;703;233;230;1365;120;366;1900;61,6;5455;27897;19,3;5747;31026;16,5;11559;63383;13,6;31404;160055;9,5;87595;462953;8,8;172544;945595;4,4;AF3333746;eur;
2015087;VENDREDI;30/10/2015;30/12/2015;34;13;17;8;21;6;7;-8-13-17-21-34-;-6-7-;0;0;0;3;8;192934,8;0;11;46772;15;72;3572,8;380;1859;121;615;3579;62,8;630;3127;51,4;7806;40500;18,2;14153;70989;9,9;22494;119843;9,9;37278;199968;10,4;176213;879197;6,4;284704;1528544;3,7;LS9806528;eur;
2015086;MARDI   ;27/10/2015;27/12/2015;11;20;25;36;12;9;6;-11-12-20-25-36-;-6-9-;0;0;0;0;0;0;2;9;147157,1;11;43;3850;127;732;197,8;289;1371;105,6;384;1960;52,7;5306;28335;16,7;6492;33313;13,6;12623;64846;11,8;25905;143347;9,3;93309;484966;7,5;182274;947171;3,9;NT6207388;eur;
2015085;VENDREDI;23/10/2015;23/12/2015;25;7;32;39;30;2;8;-7-25-30-32-39-;-2-8-;0;0;0;0;3;467506,1;0;7;66786,5;14;72;3246,5;135;862;237,2;321;1839;111,2;567;3017;48,4;8140;43635;15,4;7735;43039;14,9;15370;86704;12,4;45845;238767;7,9;117057;644261;7,9;230582;1277633;4,1;TH1517291;eur;
2015084;MARDI   ;20/10/2015;20/12/2015;21;19;30;45;17;8;10;-17-19-21-30-45-;-8-10-;0;0;0;1;2;471021,7;4;14;22429,6;8;28;5607,4;113;685;200,5;269;1494;91,9;277;1506;65,1;3623;20380;22,1;5432;30320;14,2;12744;67719;10,7;18070;103167;12,3;76627;418344;8,2;178260;948557;3,7;QB1218580;eur;
2015083;VENDREDI;16/10/2015;16/12/2015;28;43;7;48;29;3;10;-7-28-29-43-48-;-3-10-;0;0;0;0;2;672570,7;0;1;448380,5;6;42;5337,8;112;730;268,7;309;1645;119,2;401;1945;72;5800;28313;22,7;7157;37850;16,2;15437;81344;12,7;30707;152561;11,9;112703;575082;8,5;247469;1246368;4;QC5401120;eur;
2015082;MARDI   ;13/10/2015;13/12/2015;26;15;12;47;29;11;3;-12-15-26-29-47-;-3-11-;0;2;15439214;0;1;973754,6;2;9;36064,9;7;35;4636,9;156;767;185,1;345;1620;87,6;276;1334;76;3683;18836;24,7;6333;31597;14,1;13903;67695;11;19104;98485;13,3;86603;438890;8,1;192470;938809;3,8;SA4396602;eur;
2015081;VENDREDI;09/10/2015;09/12/2015;43;42;47;40;1;9;11;-1-40-42-43-47-;-9-11-;0;0;0;0;1;1408009,2;0;6;78222,7;3;30;7822,2;118;629;326,4;244;1352;151,8;266;1633;89,8;4133;24316;27,7;5381;30395;21,2;11762;63257;17,1;24121;139376;13,6;88828;483049;10,6;194894;1024163;5,1;RM1484338;eur;
2015080;MARDI   ;06/10/2015;06/12/2015;22;32;29;11;20;1;8;-11-20-22-29-32-;-1-8-;0;0;0;0;3;309701,6;3;10;30970,1;10;29;5339,6;139;700;193,5;298;1503;90,1;351;1656;58,4;4960;23382;19;6149;31700;13,4;13385;66943;10,6;24518;119192;10,5;87249;439724;7,7;183891;917868;3,7;PM4697252;eur;
2015079;VENDREDI;02/10/2015;02/12/2015;21;35;7;32;18;11;2;-7-18-21-32-35-;-2-11-;0;1;15000000;3;14;104310,1;2;14;34770;15;57;4270;304;1306;163;679;3006;70,8;573;2201;69,1;7797;29987;23,3;11966;50531;13,2;27690;118462;9,5;39514;152159;12,9;161699;646910;8,2;363631;1468932;3,7;RD3972243,EV0328986,PW1874907,JH1794407,CR7290800;eur;
2015078;MARDI   ;29/09/2015;29/11/2015;14;49;26;11;29;3;9;-11-14-26-29-49-;-3-9-;0;1;15000000;1;5;198039,5;5;9;36673,9;13;72;2292,1;212;902;160;461;1787;80,8;625;2389;43,1;8546;32880;14,4;9460;36376;12,4;17355;67897;11,2;41464;165578;8;126517;497321;7,3;236019;914887;4;AX6440044,IR3890091,SF6339928,JQ4272372,IV4690000;eur;
2015077;VENDREDI;25/09/2015;25/11/2015;14;37;30;13;23;8;2;-13-14-23-30-37-;-2-8-;0;1;47772431;0;4;388048,7;0;6;86233;21;92;2811,9;196;1162;194,8;441;2289;98,8;660;3767;42,9;9849;52512;14,1;10031;53922;13,1;19779;106969;11,1;49356;264106;7,9;140796;771174;7,3;277334;1524509;3,8;ND8154113;eur;
2015076;MARDI   ;22/09/2015;22/11/2015;27;14;23;29;26;7;10;-14-23-26-27-29-;-7-10-;0;0;0;1;3;331822,5;3;13;25524,8;3;36;4608,6;176;907;160;350;1830;79,3;384;1875;55,3;4184;21915;21,7;6978;36324;12,5;13962;75026;10,2;21773;111094;12,1;93267;488041;7,4;185281;1004568;3,7;LA0535384;eur;
2015075;VENDREDI;18/09/2015;18/11/2015;39;34;33;7;29;8;7;-7-29-33-34-39-;-7-8-;0;0;0;1;2;704194,7;1;6;78243,8;7;37;6344;141;839;244,8;220;1412;145,4;348;2165;67,7;5908;32544;20,7;7562;44608;14,4;12582;76655;14,1;33516;174925;10,9;132352;710040;7,2;210698;1185018;4,4;RP7120872;eur;
2015074;MARDI   ;15/09/2015;15/11/2015;44;8;15;17;49;5;8;-8-15-17-44-49-;-5-8-;0;0;0;2;6;159968,7;2;8;39992,1;6;45;3554,8;124;681;205,5;241;1146;122,1;554;2598;38,4;6935;37129;12,3;6425;33120;13,2;11465;56952;12,9;33647;187082;6,9;91208;484230;7,2;167605;850317;4,2;ES3857648;eur;
2015073;VENDREDI;11/09/2015;11/11/2015;19;50;10;29;18;9;1;-10-18-19-29-50-;-1-9-;0;0;0;1;7;190674,5;1;4;111226,8;13;71;3133,1;191;973;200;401;1923;101,2;612;2889;48,1;8797;40214;15,9;9221;44496;13,7;18832;89840;11,4;42288;193953;9,3;132485;639525;7,6;270087;1316622;3,8;TV2280154;eur;
2015072;MARDI   ;08/09/2015;08/11/2015;42;14;40;39;16;1;4;-14-16-39-40-42-;-1-4-;0;1;30904640;0;3;328474,6;1;4;82118,6;6;30;5474,5;113;534;269,1;205;1139;126,1;225;1312;78,2;3624;20020;23,5;4518;24812;18,2;8987;51892;14,6;21078;111252;11,9;70461;384077;9,4;144117;819515;4,5;OB1564862;eur;
2015071;VENDREDI;04/09/2015;04/11/2015;27;8;45;9;50;8;10;-8-9-27-45-50-;-8-10-;0;0;0;0;3;466757,2;4;9;51861,9;10;45;5186,1;154;875;233,3;320;1810;112,8;332;1956;74,5;4934;27553;24,3;7519;41415;15,4;17368;90468;11,9;27364;148111;12,8;116428;606107;8,4;267367;1335364;3,9;VQ6437022;eur;
2015070;MARDI   ;01/09/2015;01/11/2015;6;27;45;19;21;8;1;-6-19-21-27-45-;-1-8-;0;0;0;0;3;303314,4;2;4;75828,6;11;38;3990,9;162;736;180,2;302;1459;90,9;381;1729;54,8;4962;24564;17,7;6265;31637;13,1;13291;66699;10,5;24616;123122;10;84707;436055;7,6;176547;913079;3,7;IC0758469;eur;
2015069;VENDREDI;28/08/2015;28/10/2015;11;34;30;29;31;4;7;-11-29-30-31-34-;-4-7-;0;1;15000000;0;4;353872,6;1;3;157276,7;10;67;3521,1;145;842;245,1;265;1555;132,7;484;2931;50,3;8422;44050;15,3;7344;43582;14,8;12828;80552;13,5;47380;234686;8,1;116899;657972;7,8;205598;1221965;4,3;TN6440915;eur;
2015068;MARDI   ;25/08/2015;25/10/2015;31;33;50;27;42;5;2;-27-31-33-42-50-;-2-5-;0;1;30507122;1;2;489052,3;0;2;163017,4;5;32;5094,2;93;531;268,6;161;1068;133,5;257;1602;63,5;4449;26751;17,5;4554;27962;16;8476;52047;14,4;26266;155305;8,5;72158;437062;8,2;135165;798272;4,5;SQ6305256;eur;
2015067;VENDREDI;21/08/2015;21/10/2015;47;4;16;18;43;10;6;-4-16-18-43-47-;-6-10-;0;0;0;2;6;224660,6;0;8;56165,1;10;41;5479,5;121;761;258,3;262;1653;118,9;276;1654;84,8;4231;25318;25,5;5936;33467;18,4;13588;75930;13,6;23294;139614;13;92929;515122;9,5;220209;1192195;4,2;ED8410087;eur;
2015066;MARDI   ;18/08/2015;18/10/2015;7;10;19;12;11;2;9;-7-10-11-12-19-;-2-9-;0;0;0;2;4;226425,6;1;12;25158,4;16;73;2067,8;355;1230;107,3;669;2455;53,8;708;2638;35,7;7027;31987;13,5;11077;47085;8,8;21240;88671;7,8;27388;138070;8,8;118401;561734;5,9;221039;1050964;3,2;JU0609357;eur;
2015065;VENDREDI;14/08/2015;14/10/2015;45;4;44;7;39;3;5;-4-7-39-44-45-;-3-5-;0;1;40297743;2;7;206760,3;2;7;68920,1;5;46;5243,9;122;781;270,2;282;1586;133;456;2706;55,7;8612;52937;13,1;7260;42501;15,6;14067;78591;14,1;48504;274294;7,1;125293;701848;7,5;229960;1235579;4,3;TT4506514;eur;
2015064;MARDI   ;11/08/2015;11/10/2015;2;16;3;15;8;4;11;-2-3-8-15-16-;-4-11-;0;0;0;0;6;163964,5;3;9;36436,5;6;36;4554,5;165;748;191,8;449;2009;71,4;219;1319;77,6;3400;19272;24,4;6708;33438;13,4;16647;80463;9,4;16480;98665;13,5;81750;440790;8,1;205120;1073765;3,4;KN8987625;eur;
2015063;VENDREDI;07/08/2015;07/10/2015;1;5;21;44;39;4;11;-1-5-21-39-44-;-4-11-;0;0;0;0;1;1363551;1;7;64931;8;34;6684;125;768;258,9;298;1699;117;269;1697;83,6;4329;25419;25,7;6465;36640;17;16092;86872;12;23330;134976;13,6;103333;561825;8,8;253029;1330287;3,8;DB0702829;eur;
2015062;MARDI   ;04/08/2015;04/10/2015;50;15;39;10;45;10;9;-10-15-39-45-50-;-9-10-;0;0;0;0;2;458091,3;0;7;43627,7;3;22;6940,7;84;579;230,7;180;1089;122,6;165;1198;79,6;2654;17196;25,5;4151;25948;16,1;8453;52755;13,3;14361;88626;13,9;66291;385410;8,7;142392;811747;4,2;AQ3015620;eur;
2015061;VENDREDI;31/07/2015;30/09/2015;34;21;16;50;40;6;9;-16-21-34-40-50-;-6-9-;1;1;24939216;0;4;372720,5;2;10;49696;7;63;3944,1;118;908;239,4;219;1653;131,5;326;2347;66,1;5509;36017;19,8;5842;41102;16,6;11329;79748;14,4;32781;201015;10;100770;633773;8,6;191292;1229417;4,5;GG8996222;eur;
2015060;MARDI   ;28/07/2015;27/09/2015;36;23;49;43;32;8;7;-23-32-36-43-49-;-7-8-;0;0;0;0;3;306673,6;1;7;43810,5;4;28;5476,3;110;603;222,5;161;995;134,8;196;1246;76,9;2966;18609;23,6;4551;27029;15,6;7838;47485;14,9;18286;104659;11,9;69299;403017;8,3;116572;701406;4,9;VB3368138;eur;
2015059;VENDREDI;24/07/2015;23/09/2015;21;46;2;9;35;2;11;-2-9-21-35-46-;-2-11-;1;1;40468528;3;8;182139,7;1;14;34693,2;7;48;5059,4;173;986;215,5;400;2125;99,9;440;2362;64,2;5799;31970;21,8;7619;42752;15,6;15834;88891;12,6;29308;164891;11,9;110521;616908;8,6;234200;1304557;4,1;EW3326560;eur;
2015058;MARDI   ;21/07/2015;20/09/2015;14;29;44;27;20;10;7;-14-20-27-29-44-;-7-10-;0;0;0;0;0;0;2;6;217974;4;19;8604,2;140;673;212,5;282;1492;95,8;289;1477;69,1;4019;20922;22,4;6446;32707;13,7;12379;66621;11,3;20025;106452;12,4;87153;460154;7,8;171690;942249;3,9;US4539393;eur;
2015057;VENDREDI;17/07/2015;16/09/2015;21;48;22;1;43;9;7;-1-21-22-43-48-;-7-9-;0;0;0;0;3;460759,2;0;3;153586,4;6;40;5759,4;161;870;231,7;212;1507;133,7;437;2192;65,6;7223;36171;18,3;6738;37794;16,7;11843;70521;15,1;43173;212281;8,8;114604;614982;8,2;200119;1112061;4,6;SO3754337;eur;
2015056;MARDI   ;14/07/2015;13/09/2015;34;18;36;19;6;1;8;-6-18-19-34-36-;-1-8-;0;0;0;1;3;303065,5;1;4;75766,3;9;46;3294,1;79;567;233,8;165;1099;120,6;247;1443;65,6;3618;21440;20,3;4117;26247;15,8;8454;54317;12,9;19843;113904;10,8;65090;395479;8,4;135517;823937;4,1;CR7709124;eur;
2015055;VENDREDI;10/07/2015;09/09/2015;35;8;15;5;41;5;4;-5-8-15-35-41-;-4-5-;0;1;40998254;1;3;496041;0;10;49604,1;8;52;4769,6;230;1240;175;355;2017;107,5;521;2856;54,2;7061;36467;19,5;10925;61361;11,1;16653;93125;12,3;36808;191325;10,5;146135;772206;7;247090;1298084;4,2;FF8562667;eur;
2015054;MARDI   ;07/07/2015;06/09/2015;7;41;33;18;6;10;3;-6-7-18-33-41-;-3-10-;0;0;0;0;3;333957,5;1;10;33395,7;5;25;6679,1;130;656;222,7;332;1521;96;300;1491;69,9;4128;21591;22,2;5460;30288;15,1;12331;65727;11,7;22036;115185;11,7;82757;448497;8,1;184656;970241;3,8;DU0480832;eur;
2015053;VENDREDI;03/07/2015;02/09/2015;11;18;44;15;12;3;9;-11-12-15-18-44-;-3-9-;0;0;0;0;1;1409742,2;3;8;58739,2;12;56;4195,6;203;989;207,8;371;1939;106;737;3225;45,5;10700;48674;13,8;10658;50009;12,9;19795;92946;11,6;51578;247360;7,7;152251;740648;6,9;281556;1370056;3,8;BO3264249;eur;
2015052;MARDI   ;30/06/2015;30/08/2015;11;28;15;34;37;1;8;-11-15-28-34-37-;-1-8-;0;0;0;0;4;234718,8;0;4;78239,6;6;33;4741,7;111;668;204,9;233;1355;101;307;1469;66,5;4187;21665;20,7;5131;29007;14,8;11164;61142;11,8;22046;117039;10,8;76489;419167;8,2;159066;873735;4;DG9258720;eur;
2015051;VENDREDI;26/06/2015;26/08/2015;10;19;6;3;24;5;7;-3-6-10-19-24-;-5-7-;0;1;25263266;7;19;81025,7;5;19;27008,5;50;152;1688;561;2248;99,8;922;3837;58,5;1387;5787;27,7;13810;67297;10,9;16914;75975;9,2;28717;130123;9,1;59420;312470;6,6;181066;904661;6,2;302223;1540206;3,7;DT4702204;eur;
2015050;MARDI   ;23/06/2015;23/08/2015;16;38;4;22;49;6;9;-4-16-22-38-49-;-6-9-;0;0;0;0;8;118789,9;1;8;39596,6;6;32;4949,5;117;676;205;229;1390;99,7;263;1611;61,4;4302;23683;19,2;5266;29142;14,9;10511;58749;12,4;23280;127279;10,1;77962;423051;8,2;157129;852783;4,1;UA7783989;eur;
2015049;VENDREDI;19/06/2015;19/08/2015;7;14;20;31;42;9;3;-7-14-20-31-42-;-3-9-;0;1;24835107;2;12;122938,8;3;12;40979,6;15;89;2762,6;254;1392;154,5;472;2396;89,7;713;3432;44,7;9696;46248;15,2;10788;53558;12,6;20766;101126;11,2;49321;236863;8,4;146953;726684;7,4;276756;1362921;4;AQ7071951;eur;
2015048;MARDI   ;16/06/2015;16/08/2015;15;10;36;16;37;3;9;-10-15-16-36-37-;-3-9-;0;0;0;0;1;1007623;0;2;167937,1;10;35;4798,2;97;566;259,6;170;1136;129,3;296;1628;64,4;5512;27776;17,3;5092;27234;16,9;10132;53383;14,5;31881;157768;8,6;85917;450891;8,1;170476;864826;4,3;CF8854025;eur;
2015047;VENDREDI;12/06/2015;12/08/2015;11;10;37;5;8;9;7;-5-8-10-11-37-;-7-9-;0;1;129204405;2;8;319955,4;2;10;85321,4;32;122;3496,7;533;2158;172,9;1097;4537;82,2;1368;5641;47,2;17418;77391;15,8;22026;96955;12,1;42262;186751;10,5;81602;387954;8,9;287097;1344197;6,9;520467;2496652;3,8;AS2470600;eur;
2015046;MARDI   ;09/06/2015;09/08/2015;5;34;17;9;32;8;6;-5-9-17-32-34-;-6-8-;0;0;0;2;2;910508,5;0;12;50583,8;17;85;3570,6;244;1430;185,7;511;2934;90,5;715;3514;53,9;9319;48664;17,9;11936;62969;13,2;23885;127296;11;46706;248035;9,9;163025;871055;7,6;331201;1761649;3,8;JT4967373;eur;
2015045;VENDREDI;05/06/2015;05/08/2015;8;7;2;48;45;9;1;-2-7-8-45-48-;-1-9-;0;0;0;1;9;293926,5;2;10;88177,9;21;66;6680,1;261;1402;275,1;560;2934;131,4;1041;4527;60,8;14058;66973;18,9;14869;72488;16,7;31389;152009;13,4;75551;358960;9,9;233212;1138617;8,5;498847;2390942;4,1;DY4081592;eur;
2015044;MARDI   ;02/06/2015;02/08/2015;23;7;41;29;37;1;8;-7-23-29-37-41-;-1-8-;0;0;0;0;2;510830,8;0;5;68110,7;6;37;4602;125;733;203,2;304;1638;90,9;297;1545;68,8;4597;23447;20,8;5733;31421;14,9;12592;69388;11,3;24015;124715;11;82832;454533;8,2;178853;972232;3,9;FS0886968;eur;
2015043;VENDREDI;29/05/2015;29/07/2015;4;20;48;45;3;8;6;-3-4-20-45-48-;-6-8-;0;0;0;0;3;499345,3;1;8;62418,1;4;29;8609,4;137;762;286,6;257;1542;141,6;379;2168;71,9;6047;34973;20,5;6781;39444;17,4;13448;78219;14,7;35931;199657;10,1;112288;639068;8,5;225770;1269067;4,4;QP1620912;eur;
2015042;MARDI   ;26/05/2015;26/07/2015;6;24;7;21;5;6;5;-5-6-7-21-24-;-5-6-;0;1;37682171;0;3;327012,2;2;6;54502;18;108;1513,9;232;1125;127,1;374;1789;79,9;567;3032;33,7;5728;31811;14,7;9423;46394;9,6;15064;75007;10;21748;130979;10,1;116632;602988;5,9;196368;1005578;3,6;EB8873408;eur;
2015041;VENDREDI;22/05/2015;22/07/2015;18;44;35;24;45;5;11;-18-24-35-44-45-;-5-11-;0;0;0;0;2;723961,1;1;6;80440,1;7;37;6522,1;154;891;236,9;318;1662;127;300;1871;80,6;4745;30168;22,9;6969;39696;16,7;14900;79741;13,9;25588;161191;12,1;110336;619643;8,5;239784;1242187;4,3;GU0532746;eur;
2015040;MARDI   ;19/05/2015;19/07/2015;35;37;31;26;30;11;8;-26-30-31-35-37-;-8-11-;0;0;0;1;4;243341,6;3;6;54075,9;7;22;7373,9;79;472;300,7;160;966;146,9;187;1091;92,9;2952;17459;26,7;3635;22122;20,1;7995;47390;15,8;16599;99729;13,2;63439;366744;9,7;143839;798965;4,5;IW7829834;eur;
2015039;VENDREDI;15/05/2015;15/07/2015;47;42;44;5;35;9;8;-5-35-42-44-47-;-8-9-;0;0;0;0;1;1349968,9;1;4;112497,4;8;36;6249,8;125;691;284,9;236;1378;142,8;326;1856;75,7;4804;26409;24,4;6603;36313;17;12636;68154;15,2;27604;148373;12,3;105984;571622;8,6;202793;1066477;4,7;EZ4910299;eur;
2015038;MARDI   ;12/05/2015;12/07/2015;29;30;14;46;40;3;6;-14-29-30-40-46-;-3-6-;0;1;47879234;2;6;180585,5;0;3;120390,3;9;36;5016,2;98;550;287,2;190;1151;137,2;358;1977;57;5460;27292;19;5091;29024;17,1;9712;56912;14,6;32163;153411;9,5;82731;456725;8,6;159793;881884;4,6;VR3206545;eur;
2015037;VENDREDI;08/05/2015;08/07/2015;14;19;49;7;47;10;3;-7-14-19-47-49-;-3-10-;0;0;0;0;3;495553,7;2;14;35396,6;7;45;5506,1;186;990;218,9;491;2167;100;414;2132;72,6;6039;32240;22;8393;45206;15;19190;98992;11,5;30757;167036;12;122263;669201;8,1;275378;1451459;3,8;SM2503500;eur;
2015036;MARDI   ;05/05/2015;05/07/2015;1;17;10;42;20;9;8;-1-10-17-20-42-;-8-9-;0;0;0;0;0;0;4;4;339051,6;7;32;5297,6;167;812;182,6;366;1530;96,9;321;1551;68,3;4588;23085;21,1;7757;35553;13,1;15631;69937;11,2;22561;118352;11,6;104021;500560;7,4;203142;966105;3,9;EF1463581;eur;
2015035;VENDREDI;01/05/2015;01/07/2015;19;26;20;25;3;6;10;-3-19-20-25-26-;-6-10-;0;0;0;3;7;192079,3;4;15;29879;2;21;10671;169;902;217,3;481;2254;86,9;355;1824;76,7;4484;26713;24,1;7885;40938;15;20072;99217;10,4;23227;141239;12,8;110320;582331;8,4;273036;1400139;3,6;SD3496170;eur;
2015034;MARDI   ;28/04/2015;28/06/2015;36;24;28;26;45;10;7;-24-26-28-36-45-;-7-10-;0;0;0;1;4;241021,8;1;3;107120,8;5;24;6695;99;521;269,8;201;1111;126,5;242;1311;76,6;3620;18581;24,8;5034;26639;16,5;10262;55082;13,4;20420;100788;12,9;78605;407376;8,6;156194;834322;4,3;IQ1764331;eur;
2015033;VENDREDI;24/04/2015;24/06/2015;31;5;40;29;19;3;10;-5-19-29-31-40-;-3-10-;0;1;50731331;1;4;437844,5;3;15;38919,5;18;68;4292,5;275;1245;205,1;615;2619;97,5;742;2776;65,7;9650;38956;21,5;12990;54964;14,6;27962;116301;11,6;51451;203402;11,6;185929;774772;8,2;399879;1656103;3,9;PU6130173,SW7616697,GE2809908,VX5385225,DL4949818,IR1057560,PP0427045,AH0355642,HR2009127,RY2839173;eur;
2015032;MARDI   ;21/04/2015;21/06/2015;14;42;17;6;45;8;1;-6-14-17-42-45-;-1-8-;0;0;0;1;5;223508,6;2;6;62085,7;12;36;5173,8;182;691;235,8;402;1559;104,5;441;1621;71,8;6429;25440;21;7738;32264;15,8;16491;68661;12,5;33733;135952;11,1;115646;483041;8,4;244384;1016119;4,1;VB7755174,KH2032453,JN7930666,JH0112528,GH4787055,BN9873292,HB4201186,MP9557072,KQ3243044,PC2713918;eur;
2015031;VENDREDI;17/04/2015;17/06/2015;39;2;34;24;30;11;8;-2-24-30-34-39-;-8-11-;0;0;0;0;3;495368,1;1;3;165122,7;4;35;7076,6;117;741;292,4;266;1613;134,3;286;1741;88,9;4395;27014;26,3;6538;37737;18;14627;81808;14;25315;148474;13,5;104200;586946;9,2;244782;1301618;4,2;IG8976727;eur;
2015030;MARDI   ;14/04/2015;14/06/2015;49;34;32;24;35;2;1;-24-32-34-35-49-;-1-2-;0;0;0;0;2;502336,9;1;3;111630,4;2;29;5773,9;76;502;291,8;170;1115;131,4;226;1377;76;2880;18941;25,4;4443;25508;18;9245;53837;14,3;17495;105486;12,8;67912;385807;9,5;136476;811931;4,6;FL6629691;eur;
2015029;VENDREDI;10/04/2015;10/06/2015;25;43;22;23;30;5;9;-22-23-25-30-43-;-5-9-;0;0;0;0;2;712500,6;1;3;158333,4;10;68;3492,6;171;893;232,7;271;1512;137,4;492;2906;51;8281;47567;14,3;8534;46188;14,1;16254;82441;13,3;45448;253374;7,6;135637;712087;7,3;254070;1261534;4,2;GC8941627;eur;
2015028;MARDI   ;07/04/2015;07/06/2015;39;25;50;44;18;8;5;-18-25-39-44-50-;-5-8-;0;1;21449918;0;2;483743,7;2;8;40311,9;10;50;3224,9;144;863;163,4;204;1280;110,2;378;2267;44,4;5398;32555;14,2;5154;32211;13,7;9856;54875;13,5;30077;175961;7,4;77823;451050;7,8;147174;798955;4,5;UD2075942;eur;
2015027;VENDREDI;03/04/2015;03/06/2015;39;37;49;29;27;4;2;-27-29-37-39-49-;-2-4-;0;0;0;2;8;178696,8;3;17;28030,8;10;49;4862,4;209;1099;189,6;443;2130;97,8;429;2227;66,8;6324;32850;20,8;8677;42761;15,3;17334;87087;12,6;36604;180459;10,7;126075;617085;8,4;239761;1214408;4,4;IO4388950;eur;
2015026;MARDI   ;31/03/2015;31/05/2015;8;28;20;24;49;8;9;-8-20-24-28-49-;-8-9-;0;1;73584056;0;1;1277754,4;0;9;47324,2;10;46;4629,5;176;966;192,8;323;1729;107,7;426;2141;62,1;5499;30100;20,3;8712;44413;13,1;15341;78956;12,4;26762;151817;11,3;119856;630538;7,4;217977;1138462;4,2;UV2199872;eur;
2015025;VENDREDI;27/03/2015;27/05/2015;30;39;32;44;2;10;6;-2-30-32-39-44-;-6-10-;0;0;0;0;6;304007,6;0;12;50667,9;10;39;7795;185;1100;241,8;335;2029;131,1;319;2380;79,8;5242;34954;25;7778;47322;17,6;15633;97352;14,4;29760;188973;13;119225;702397;9,5;259170;1546602;4,4;TL4373258;eur;
2015024;MARDI   ;24/03/2015;24/05/2015;40;10;39;24;26;3;10;-10-24-26-39-40-;-3-10-;0;0;0;1;2;566578,9;2;5;75543,8;9;40;4721,4;118;751;220;227;1636;101;318;1619;72,9;4300;23896;22,7;5356;32028;16,2;11527;68113;12,8;23948;126047;12,1;84660;481089;8,6;181973;1023032;4,1;RE2228202;eur;
2015023;VENDREDI;20/03/2015;20/05/2015;3;14;42;48;37;1;10;-3-14-37-42-48-;-1-10-;0;0;0;0;6;270942,5;1;7;77412,1;6;52;5210,4;167;891;266;337;2004;118,3;305;1929;87,7;5213;28355;27,4;7100;39389;18,9;17272;94242;13,2;29576;154979;14,2;112586;595541;10;277510;1448592;4,2;QL6587795;eur;
2015022;MARDI   ;17/03/2015;17/05/2015;11;23;44;38;26;8;1;-11-23-26-38-44-;-1-8-;0;0;0;1;4;273703;2;17;21466,9;11;39;4678,6;170;936;170,5;408;2224;71,7;372;1854;61,5;5017;25707;20,4;7186;37659;13,3;16371;83013;10,1;25841;133311;11,1;96680;509724;7,8;204000;1077921;3,8;BB8292191;eur;
2015021;VENDREDI;13/03/2015;13/05/2015;4;5;22;18;23;3;1;-4-5-18-22-23-;-1-3-;0;0;0;3;8;229022,8;5;12;50893,9;30;88;3470;452;1550;172,3;887;3237;82,5;1054;3683;51,8;14911;51366;17;20266;69334;12,1;38716;136247;10,3;71839;250682;9,8;285666;978562;6,8;550536;1915498;3,5;CN7442965;eur;
2015020;MARDI   ;10/03/2015;10/05/2015;31;30;2;6;23;10;2;-2-6-23-30-31-;-2-10-;0;0;0;0;5;207423,6;1;3;115235,3;4;39;4432,1;151;799;189,2;334;1537;98,4;330;1585;68,1;4742;22369;22,2;6948;33967;13,9;13959;69657;11,4;25857;116637;12;93266;470214;8;198418;1000577;3,8;HZ9208928;eur;
2015019;VENDREDI;06/03/2015;06/05/2015;47;30;49;50;23;7;2;-23-30-47-49-50-;-2-7-;0;1;100000000;1;9;315070,4;2;10;94521,1;18;83;5694;340;1732;238,7;589;3200;129,2;1008;4690;62,9;16567;73809;18,4;16170;80374;16,1;30860;155735;14;106933;440146;8,7;257459;1218252;8,5;474144;2321600;4,5;IP3359619;eur;
2015018;MARDI   ;03/03/2015;03/05/2015;6;21;13;8;11;8;7;-6-8-11-13-21-;-7-8-;0;0;0;6;17;81741,3;4;13;35630,8;29;100;2316;594;2108;96,1;829;3232;62,7;777;3327;43,5;8305;39162;17;16371;71475;8,9;25566;118646;9;34440;178334;10,5;179189;851115;5,9;291511;1454084;3,5;HX8146640;eur;
2015017;VENDREDI;27/02/2015;29/04/2015;17;25;14;5;47;10;9;-5-14-17-25-47-;-9-10-;0;0;0;1;4;485210,6;1;13;49765,1;6;60;5391,2;312;1430;197,9;602;3183;88,9;462;2598;77,8;5964;37006;25,1;11757;61419;14,4;27338;139313;10,7;31231;193946;13,5;162272;867885;8,1;376968;1949773;3,7;SC5231801;eur;
2015016;MARDI   ;24/02/2015;26/04/2015;3;28;25;34;50;1;11;-3-25-28-34-50-;-1-11-;0;0;0;0;3;386349,2;0;3;128783;7;39;4953,1;101;625;270,4;245;1323;127,7;313;1754;68,8;5116;26671;20,8;5135;30222;17,5;12524;71389;12,5;25883;136604;11,4;81433;457036;9,2;205266;1108190;3,9;DU3822495;eur;
2015015;VENDREDI;20/02/2015;22/04/2015;37;46;10;4;14;4;7;-4-10-14-37-46-;-4-7-;0;0;0;1;5;321069,1;0;5;107023;19;75;3567,4;198;1014;230,8;313;1728;135,4;830;3435;48,6;12244;51968;14,8;10362;49876;14,7;17105;88250;14;61870;268043;8,1;158677;750900;7,8;265652;1344640;4,4;UH8612028;eur;
2015014;MARDI   ;17/02/2015;19/04/2015;5;2;18;43;30;10;1;-2-5-18-30-43-;-1-10-;0;0;0;0;1;1064229,8;2;4;88685,8;6;28;6334,7;166;675;229,9;343;1624;95,5;301;1285;86,2;3884;19267;26,4;6210;29148;16,7;15224;71888;11,4;20269;101904;14,1;86969;424280;9,1;217340;1039472;3,8;RG3770428;eur;
2015013;VENDREDI;13/02/2015;15/04/2015;24;12;39;44;42;3;11;-12-24-39-42-44-;-3-11-;0;0;0;0;6;291869,9;3;8;72967,4;21;59;4946,9;405;1343;190,1;905;2935;87;640;2275;80,1;9824;32950;25,4;15696;54073;14,8;34247;116791;11,5;51641;176764;13,4;213193;750170;8,5;462080;1604420;4;IJ4781587;eur;
2015012;MARDI   ;10/02/2015;12/04/2015;30;45;20;13;17;9;10;-13-17-20-30-45-;-9-10-;0;0;0;0;1;997973,3;1;4;83164,4;4;31;5365,4;165;774;188;370;1740;83,6;246;1358;76,5;3478;19362;24,6;7127;33841;13,5;15536;74269;10,3;17343;95823;14,1;93684;458549;7,9;213174;1024075;3,6;IX5391804;eur;
2015011;VENDREDI;06/02/2015;08/04/2015;50;30;10;26;39;8;7;-10-26-30-39-50-;-7-8-;0;0;0;1;3;469666,2;2;12;39138,8;6;42;5591,2;189;950;216,2;340;1767;116,2;419;2075;70,7;6253;30031;22,4;9532;46529;13,8;17623;88449;12,2;34570;162141;11,7;139157;654030;7,8;238836;1162433;4,5;RO6172060;eur;
2015010;MARDI   ;03/02/2015;05/04/2015;50;44;17;31;33;11;7;-17-31-33-44-50-;-7-11-;1;1;15000000;3;4;242909,6;4;9;35986,6;11;31;5223,8;148;672;210,8;317;1376;102,9;365;1678;60,3;4315;21973;21,1;6142;30961;14,3;11404;58994;12,6;22220;110590;11,8;85505;430696;8,2;167383;862061;4,2;VX2123550;eur;
2015009;VENDREDI;30/01/2015;01/04/2015;9;24;15;13;19;3;8;-9-13-15-19-24-;-3-8-;0;2;7500000;3;6;258356,4;4;16;32294,5;31;110;2348,6;454;1816;124,4;780;3246;69,6;844;4016;40,2;11257;54178;13,7;15193;69435;10,2;28557;127017;9,4;51378;260529;8;186371;885136;6,4;341184;1629723;3,5;PD0780293;eur;
2015008;MARDI   ;27/01/2015;29/03/2015;10;33;5;31;40;10;8;-5-10-31-33-40-;-8-10-;0;1;21715116;0;2;503633,6;1;5;67151,1;6;30;5595,9;118;594;247,2;245;1298;113,1;245;1309;80,1;4132;20343;23,7;5790;28960;15,9;12709;64278;12;20809;104605;13;85207;426499;8,6;195374;966968;3,9;UP8548542;eur;
2015007;VENDREDI;23/01/2015;25/03/2015;30;45;29;38;6;8;1;-6-29-30-38-45-;-1-8-;0;0;0;0;1;1422697;0;7;67747,4;10;31;7648,9;159;808;256,7;328;1543;134,4;440;1977;74,9;6924;30536;22,3;8073;37596;17,3;16571;78810;13,9;38915;170598;11,2;127510;587559;8,8;264371;1218116;4,3;AU6025530;eur;
2015006;MARDI   ;20/01/2015;22/03/2015;33;47;15;41;44;10;8;-15-33-41-44-47-;-8-10-;0;2;16269652;0;3;352332,9;0;4;88083,2;5;42;4194,4;125;667;231,1;301;1419;108,6;284;1394;78,9;3665;19147;26,4;5597;28793;16,8;12443;62536;13;20057;103188;13,8;78427;406028;9,5;177359;901263;4,3;TE2248289;eur;
2015005;VENDREDI;16/01/2015;18/03/2015;34;32;29;30;46;6;3;-29-30-32-34-46-;-3-6-;0;0;0;0;2;786948,2;2;5;104926,4;16;47;5581,1;212;837;274,2;394;1580;145,2;609;2363;69,3;10298;37582;20;9528;39113;18,4;17876;74997;16,1;65432;229674;9,2;154829;619515;9,3;289516;1176301;5;BJ1265603,KG9937475,TP3129007,RA8499681,RB3777717;eur;
2015004;MARDI   ;13/01/2015;15/03/2015;34;31;21;8;17;10;9;-8-17-21-31-34-;-9-10-;0;0;0;1;4;263770,1;3;15;23446,2;9;36;4884,6;174;809;190,1;445;1984;77,5;291;1324;83;4258;18623;27,1;7914;32735;14,7;18611;77710;10,4;22613;99023;14,4;110313;454594;8,5;256864;1048814;3,7;FJ7941720,PB6143478,OQ9741347,RZ0887471,EP8657317;eur;
2015003;VENDREDI;09/01/2015;11/03/2015;6;32;45;21;24;1;11;-6-21-24-32-45-;-1-11-;0;1;31666941;1;5;302905,8;1;10;50484,3;8;39;6472,3;175;907;243,5;441;2416;91,4;382;2060;76,5;5538;29935;24,2;7173;39229;17,6;18885;101548;11,4;31382;165018;12,4;106187;574762;9,6;279021;1461447;3,8;NM6560874;eur;
2015002;MARDI   ;06/01/2015;08/03/2015;20;38;30;14;49;4;3;-14-20-30-38-49-;-3-4-;0;0;0;0;2;492755,7;1;4;82125,9;8;29;5663,8;114;600;239,5;233;1142;125,8;273;1448;70,8;4437;21263;22,2;6239;28931;15,6;11099;54724;13,8;22935;114773;11,6;95943;440858;8,1;172810;828184;4,4;TT2821872;eur;
2015001;VENDREDI;02/01/2015;04/03/2015;24;25;49;28;22;3;6;-22-24-25-28-49-;-3-6-;0;0;0;1;2;668437,9;4;8;55703,1;5;32;6962,8;190;931;209,4;304;1623;120,1;554;2402;57,9;8950;37366;17,1;8423;40662;15;16071;77541;13,2;48107;207538;8,7;129748;622176;7,8;253035;1200654;4,1;LR9917569;eur;
2014104;MARDI   ;30/12/2014;01/03/2015;6;18;39;50;44;11;8;-6-18-39-44-50-;-8-11-;1;1;15000000;1;4;275335,5;2;6;61185,6;5;54;3399,2;110;664;241,8;251;1365;117,6;258;1507;76,1;3885;21379;24,6;5400;29025;17,3;11828;61188;13,8;20360;113404;13,1;83773;443968;9;188434;960988;4,2;TO2587837;eur;
2014103;VENDREDI;26/12/2014;25/02/2015;26;45;27;49;17;2;3;-17-26-27-45-49-;-2-3-;0;1;25234535;3;11;139561,8;3;15;34115,1;4;35;7310,3;177;1045;214,2;276;1738;128,8;417;2196;72,8;5558;32804;22,4;8171;45631;15,4;14418;84049;14;30962;178200;11,6;137372;730726;7,7;236535;1312313;4,3;JB2959214;eur;
2014102;MARDI   ;23/12/2014;22/02/2015;49;25;9;19;8;10;2;-8-9-19-25-49-;-2-10-;0;0;0;1;3;372069,3;1;10;37206,9;5;33;5637,4;183;765;212,7;444;1906;85,4;385;1636;71;5368;23735;22,5;7771;35738;14,3;18967;85341;10;28553;124761;12,1;106390;499057;8,2;248018;1143644;3,6;UH2044996;eur;
2014101;VENDREDI;19/12/2014;18/02/2015;39;44;23;29;31;5;8;-23-29-31-39-44-;-5-8-;0;1;15000000;1;5;294307,3;0;5;98102,4;12;62;3955,7;153;886;242,2;318;1705;125,8;581;3256;47;9257;48648;14,4;8605;45083;14,9;17081;83322;13,6;52391;266585;7,4;134326;674959;7,9;260904;1233604;4,4;BQ4604096;eur;
2014100;MARDI   ;16/12/2014;15/02/2015;13;7;3;25;12;5;8;-3-7-12-13-25-;-5-8-;0;1;39580687;1;5;222312;2;11;33683,6;32;131;1414,1;439;1889;85,8;908;3677;44;988;4500;25,7;10037;50500;10,5;14273;63772;7,9;29318;121819;7;42566;219081;6,8;145682;698421;5,8;287998;1291897;3,2;OQ5742530;eur;
2014099;VENDREDI;12/12/2014;11/02/2015;28;2;15;31;37;4;6;-2-15-28-31-37-;-4-6-;0;0;0;0;3;517360,3;4;7;73908,6;15;71;3643,3;214;1000;226,3;411;2078;108,9;753;3046;53;10525;44177;16,8;9774;46067;15,4;20076;95031;12,5;56887;237171;8,8;141850;671240;8,4;289524;1382018;4,2;FZ0594166;eur;
2014098;MARDI   ;09/12/2014;08/02/2015;31;1;3;42;46;11;4;-1-3-31-42-46-;-4-11-;0;0;0;0;1;1023461,4;0;5;68230,7;12;34;5016,9;90;446;334,6;181;1020;146,3;193;1096;97,2;3401;17721;27,6;4634;23892;19,6;10566;53484;14,7;19826;100680;13,7;78988;385352;9,7;184890;884400;4,3;HH8641859;eur;
2014097;VENDREDI;05/12/2014;04/02/2015;5;8;48;47;37;3;2;-5-8-37-47-48-;-2-3-;0;0;0;0;2;758715,9;0;4;126452,6;6;36;7025,1;165;821;269,5;323;1604;137,9;346;1911;82,7;6081;31103;23,3;8390;40571;17,1;15352;75983;15,3;35274;176843;11,6;145601;681712;8,1;255684;1225471;4,6;PK6459634;eur;
2014096;MARDI   ;02/12/2014;01/02/2015;15;25;3;49;44;9;1;-3-15-25-44-49-;-1-9-;1;1;72971665;1;3;436641,4;0;0;0;9;48;13645;135;862;221,6;286;1754;108,9;407;2370;57,5;6555;34375;18,2;6845;38991;15,3;14274;79959;12,6;35030;177463;9,9;108077;583555;8,2;221939;1196634;4,1;EC2768757;eur;
2014095;VENDREDI;28/11/2014;28/01/2015;10;23;6;41;15;10;4;-6-10-15-23-41-;-4-10-;0;0;0;1;7;279221,7;10;21;31024,6;16;66;4935,7;364;1518;187,7;878;3741;76,1;727;2854;71,3;9571;38862;24;14567;60906;14,7;34192;145156;10,3;48380;200567;13,1;202338;855798;8,3;463527;1979978;3,7;SE3419596,VD6259787,UD4898649,RY0948322,FD9789714;eur;
2014094;MARDI   ;25/11/2014;25/01/2015;32;7;36;3;25;1;6;-3-7-25-32-36-;-1-6-;0;0;0;1;5;244414,6;0;5;81471,5;11;50;4073,5;169;865;206;412;1939;91,9;474;2064;61,6;6883;30173;19,4;8517;38057;14,7;18276;84391;11,1;37963;159250;10,3;129572;548168;8,1;277050;1201875;3,8;QH9538095,BS9906932,FO5996522,JJ8023938,TA2475627;eur;
2014093;VENDREDI;21/11/2014;21/01/2015;28;32;7;37;4;5;10;-4-7-28-32-37-;-5-10-;0;0;0;0;1;1596840,2;2;5;106456;4;40;6653,5;190;1036;224,7;474;2434;95,6;414;2606;63,8;6424;37548;20,3;9047;49109;14,9;21375;106810;11,5;33998;197324;10,9;139410;735568;7,9;321439;1575650;3,8;UC5981943;eur;
2014092;MARDI   ;18/11/2014;18/01/2015;3;2;36;38;17;11;4;-2-3-17-36-38-;-4-11-;0;0;0;0;3;354830,2;1;5;70966;5;30;5913,8;96;531;292,3;189;1280;121,2;209;1321;83,9;3389;19593;26;4743;27634;17,6;11614;66411;12,3;19104;106784;13,4;77418;426013;9,1;185889;996555;4;QT9398847;eur;
2014091;VENDREDI;14/11/2014;14/01/2015;36;32;38;48;17;8;5;-17-32-36-38-48-;-5-8-;0;0;0;1;3;515956,4;0;2;257978,2;19;68;3793,7;141;878;257;295;1634;138,1;554;3177;50,7;8173;47219;15,7;7758;43666;16,2;14779;80065;14,9;48764;264968;7,9;116996;653827;8,6;226318;1192701;4,8;RM5442851;eur;
2014090;MARDI   ;11/11/2014;11/01/2015;46;14;36;2;21;11;7;-2-14-21-36-46-;-7-11-;0;0;0;0;0;0;0;7;186683,7;8;34;4804,3;96;615;232,4;164;1215;117,6;208;1340;76,1;3222;20089;23,3;4589;27820;16,1;9089;56355;13,4;18117;109548;12,1;69321;411040;8,7;137912;835186;4,4;TR0148126;eur;
2014089;VENDREDI;07/11/2014;07/01/2015;32;13;38;46;25;10;1;-13-25-32-38-46-;-1-10-;1;2;16506235;0;3;540288,8;4;13;41560,6;10;43;6282,4;210;976;242,1;478;2515;93,9;390;1874;90;5555;28407;27,3;8116;41816;17,7;19940;102769;12,1;30233;151524;14,4;118265;610112;9,7;292597;1509164;4;UL4294928;eur;
2014088;MARDI   ;04/11/2014;04/01/2015;1;13;6;26;17;3;5;-1-6-13-17-26-;-3-5-;0;0;0;4;6;180167,3;3;11;32757,6;19;98;1838,4;302;1334;118,1;524;2298;68,6;722;3520;31,9;8556;44519;11,6;10799;50062;9,8;19342;84941;9,8;37281;206660;7;125306;624396;6,3;222750;1064043;3,8;CE1531540;eur;
2014087;VENDREDI;31/10/2014;31/12/2014;10;41;13;20;33;9;3;-10-13-20-33-41-;-3-9-;0;0;0;0;5;355794,2;2;10;59299;10;88;3369,2;322;1619;160,2;579;3041;85,3;854;4207;44;11506;59447;14,3;12231;65557;12,4;22993;122853;11,1;54946;287234;8,3;166279;911202;7,1;308809;1687614;3,9;DV1174892;eur;
2014086;MARDI   ;28/10/2014;28/12/2014;45;17;40;10;15;1;2;-10-15-17-40-45-;-1-2-;1;1;15000000;0;2;556193,5;2;7;52970,8;4;37;5010,7;130;728;222,8;242;1488;109;258;1552;74,6;4162;24674;21,6;5888;32263;15,8;11599;65960;12,9;22360;128733;11,7;96241;504141;8;184893;1016735;4,1;LI3029280;eur;
2014085;VENDREDI;24/10/2014;24/12/2014;42;20;3;30;9;6;1;-3-9-20-30-42-;-1-6-;0;1;190000000;2;9;2174634,3;4;24;50349,4;37;147;4110,1;569;2617;202;1308;5699;92,7;1408;6351;59,4;20329;88855;19,5;26723;115019;14,4;55371;242327;11,5;104839;460652;10,6;382965;1654248;8;783589;3450472;3,9;QP5922929;eur;
2014084;MARDI   ;21/10/2014;21/12/2014;40;33;27;20;21;3;10;-20-21-27-33-40-;-3-10-;0;0;0;1;8;333090,9;3;20;44412,1;17;92;4827,4;327;1666;233,2;605;3598;108;834;3966;69,9;12042;59049;21,6;15400;79529;15,3;32236;170385;12;64840;311905;11,5;230559;1180081;8,2;490591;2518160;3,9;UJ2640305;eur;
2014083;VENDREDI;17/10/2014;17/12/2014;49;13;48;1;40;8;10;-1-13-40-48-49-;-8-10-;0;0;0;0;4;764204,9;3;17;59937,6;22;90;5660,7;361;1752;254,4;801;3796;117,4;758;4011;79,3;11996;59285;24,7;17303;83057;16,8;37658;176565;13,3;66404;324314;12,7;254977;1216920;9,2;572721;2654977;4,3;NM5414568;eur;
2014082;MARDI   ;14/10/2014;14/12/2014;15;23;32;4;5;7;3;-4-5-15-23-32-;-3-7-;0;0;0;0;3;708398,5;4;17;41670,5;28;180;1967,7;344;1957;158,3;691;3597;86,1;1298;6432;34,4;17909;87493;11,6;15948;80675;12;28832;150241;10,9;88306;429212;6,7;222906;1098027;7;392880;2021311;3,9;RS8870849;eur;
2014081;VENDREDI;10/10/2014;10/12/2014;29;42;47;45;6;9;10;-6-29-42-45-47-;-9-10-;0;0;0;2;7;371747,2;0;11;78855,4;12;67;6473,2;273;1345;282,1;580;2798;135,6;585;3180;85,2;8846;47840;26;13030;66359;17,9;27563;137363;14,6;48604;257481;13,6;207152;1020716;9,3;445213;2156795;4,5;HC5754662;eur;
2014080;MARDI   ;07/10/2014;07/12/2014;38;30;21;9;28;8;1;-9-21-28-30-38-;-1-8-;0;0;0;0;4;454461,7;6;13;46611,4;13;67;4522;290;1404;188,8;631;2930;90,4;701;3074;61,6;9532;43499;20;12760;60294;13,8;26846;125890;11,1;48657;223572;11;177329;851366;7,8;375548;1767466;3,8;RR4574306;eur;
2014079;VENDREDI;03/10/2014;03/12/2014;13;23;50;48;4;10;5;-4-13-23-48-50-;-5-10-;0;0;0;2;9;296615,8;1;19;46834;9;95;4683,4;370;1857;209,6;848;4087;95,2;870;4642;59,9;13063;65915;19,4;17888;86458;14,1;39875;177992;11,5;68079;332182;10,8;268196;1251070;7,8;586416;2566565;3,9;NK6872370;eur;
2014078;MARDI   ;30/09/2014;30/11/2014;33;13;15;3;42;5;7;-3-13-15-33-42-;-5-7-;0;1;32929188;1;8;134275;2;6;59677,8;23;112;1598,5;242;1351;115,9;408;2138;73,2;763;4318;25,9;9125;48279;10,6;9935;52607;9,3;16091;82385;10;44614;224154;6,4;123257;614986;6,4;199729;992024;4;EZ3561762;eur;
2014077;VENDREDI;26/09/2014;26/11/2014;46;35;47;13;27;1;2;-13-27-35-46-47-;-1-2-;0;0;0;0;6;269196,2;2;5;107678,4;17;51;5278,3;296;1028;229,1;541;2139;110,1;575;2218;75,8;8504;31705;24,4;12714;46193;16;25984;97471;12,7;47960;177830;12,2;193981;686451;8,6;383090;1422846;4,2;RX5074086,TW5867597,KT5216421,KP4014234,VE9049495,ON0506012,JZ0764366,NT8589242,LC3712152,GY7050881;eur;
2014076;MARDI   ;23/09/2014;23/11/2014;13;35;14;29;12;1;7;-12-13-14-29-35-;-1-7-;0;0;0;1;3;357328,7;1;2;178664,3;8;36;4962,8;212;819;190,8;385;1404;111,3;669;2051;54,4;10027;30940;16,6;10554;37449;13,1;18508;69045;11,9;51046;156328;9,2;161984;553710;7;289870;1035453;3,8;BX4849083,QP5601265,GD6415898,OF4859869,QQ2012010,IY8883842,GA9319267,HA1753983,QM3890146,SE9747215;eur;
2014075;VENDREDI;19/09/2014;19/11/2014;6;34;8;38;48;9;3;-6-8-34-38-48-;-3-9-;0;1;86732923;1;2;909183,6;3;17;35654,2;9;61;4968,2;183;1056;251,1;368;2075;127,7;613;3102;61;9906;48231;18;9520;52762;15,7;18923;103278;13,5;57370;274542;8,9;151402;791090;8,4;291982;1513042;4,5;HD6277074;eur;
2014074;MARDI   ;16/09/2014;16/11/2014;4;30;35;50;29;4;2;-4-29-30-35-50-;-2-4-;0;0;0;2;3;419829,3;1;6;69971,5;3;34;6173,9;106;685;268,1;207;1294;141,9;311;1889;69,4;5378;30430;19,8;5726;34412;16,7;10593;66356;14,6;33180;174727;9,7;98428;549482;8,4;180083;1055080;4,4;HS3146581;eur;
2014073;VENDREDI;12/09/2014;12/11/2014;31;9;33;26;13;7;11;-9-13-26-31-33-;-7-11-;0;0;0;2;6;278515,1;2;12;46419,1;16;73;3815,2;292;1479;164,7;605;2959;82,3;533;2852;61;7711;39483;20,2;12438;60367;12,6;25291;123981;10,3;37609;193695;11,6;170276;828392;7,3;346908;1697521;3,6;DV8014951;eur;
2014072;MARDI   ;09/09/2014;09/11/2014;15;35;19;8;24;10;8;-8-15-19-24-35-;-8-10-;0;0;0;1;6;187027,8;0;14;26718,2;5;41;4561,6;154;835;195,9;360;1868;87,6;321;1644;71,1;4247;23058;23,3;7035;36886;13,9;15730;80856;10,6;20964;115505;13,1;98368;516528;7,9;220643;1141827;3,6;EK3248384;eur;
2014071;VENDREDI;05/09/2014;05/11/2014;18;50;23;46;1;9;3;-1-18-23-46-50-;-3-9-;0;0;0;1;5;299036,3;2;13;38337,9;39;105;2373,3;388;1471;148,2;863;3059;71,2;599;2795;55,7;8707;41382;17,3;8829;45467;15;17825;86863;13,2;49936;233497;8,6;133531;669207;8,1;248522;1249695;4,4;QF9831093;eur;
2014070;MARDI   ;02/09/2014;02/11/2014;39;45;25;31;5;8;1;-5-25-31-39-45-;-1-8-;0;0;0;0;2;508288,3;0;7;48408,4;3;28;6051;114;594;249,5;222;1371;108,1;290;1465;72,2;4161;21698;22,4;5339;30200;15,4;11357;66334;11,8;23580;119364;11,5;78922;425838;8,7;164769;900371;4,2;IQ8280179;eur;
2014069;VENDREDI;29/08/2014;29/10/2014;32;38;26;9;2;3;6;-2-9-26-32-38-;-3-6-;0;0;0;1;5;285439,2;0;2;237866;24;84;2831,7;162;946;220;298;1771;117,5;1030;3841;38,7;10795;46132;14,8;9250;44710;14,6;15662;81750;13,4;49816;226981;8,5;130673;660208;7,9;240664;1229693;4,3;KY9397479;eur;
2014068;MARDI   ;26/08/2014;26/10/2014;36;48;45;10;22;11;4;-10-22-36-45-48-;-4-11-;0;0;0;0;6;158311,7;0;3;105541,1;3;30;5277;116;632;219,1;215;1266;109,4;194;1175;84,2;3145;16939;26,8;4283;24862;17,5;9653;55265;13,2;15798;92387;13,9;65662;367469;9,4;150279;824115;4,3;HI7945866;eur;
2014067;VENDREDI;22/08/2014;22/10/2014;29;17;49;35;4;1;2;-4-17-29-35-49-;-1-2-;0;0;0;0;5;268532,8;2;12;37296,2;3;30;7459,2;162;928;210,9;334;1845;106,1;304;1881;74,3;4646;27180;23,6;7580;39789;15,4;15376;82830;12,4;26882;151640;11,9;113599;585563;8,4;222307;1194575;4,2;JF3581313;eur;
2014066;MARDI   ;19/08/2014;19/10/2014;11;34;47;4;7;7;8;-4-7-11-34-47-;-7-8-;0;1;54304297;1;5;220508,1;1;11;33410,3;10;53;3467,1;297;1318;121,9;311;1619;99,3;366;1939;59,2;5259;27423;19,2;9342;45583;11;13475;71633;11,8;25965;138137;10,8;116861;603176;6,7;181877;999361;4,1;BO4717566;eur;
2014065;VENDREDI;15/08/2014;15/10/2014;4;21;30;5;23;10;8;-4-5-21-23-30-;-8-10-;0;0;0;0;2;687788;1;12;38210,4;1;36;6368,4;209;948;211,6;545;2454;81,7;340;1881;76,1;4649;26393;24,9;8456;44074;14,3;21842;108319;9,7;23364;135680;13,7;116763;624934;8;296576;1517332;3,3;NI3058443;eur;
2014064;MARDI   ;12/08/2014;12/10/2014;22;19;7;16;33;5;2;-7-16-19-22-33-;-2-5-;0;0;0;2;2;513136,7;0;5;68418,2;19;86;1988,9;233;1176;127,2;450;1999;74,8;534;3121;34,2;7315;39714;12,3;8816;46926;10;15737;79068;10;33356;181859;7,6;110122;595731;6,3;196796;1019174;3,7;PC8521960;eur;
2014063;VENDREDI;08/08/2014;08/10/2014;29;21;35;46;43;1;9;-21-29-35-43-46-;-1-9-;0;0;0;0;4;355306,9;2;11;43067,5;10;42;5639,7;120;733;282,7;302;1642;126,2;375;2057;71,9;6000;32074;21,2;6127;35447;18,3;12701;75220;14,5;37552;186086;10,3;98155;554002;9,4;201656;1160491;4,5;CH6910922;eur;
2014062;MARDI   ;05/08/2014;05/10/2014;5;21;42;7;19;11;5;-5-7-19-21-42-;-5-11-;0;0;0;0;5;194005,2;2;7;46191,7;4;42;3849,3;252;1219;116;436;2247;62,9;293;1876;53,8;3791;23895;19,4;8713;44103;10;17559;85143;8,7;17863;115018;11,4;98489;531277;6,6;209893;1059995;3,4;OR9219847;eur;
2014061;VENDREDI;01/08/2014;01/10/2014;50;44;46;48;24;10;5;-24-44-46-48-50-;-5-10-;0;0;0;2;6;226316,9;0;14;32330,9;11;41;5519,9;166;946;209,3;319;1800;110;273;1761;80,3;4195;26722;24,3;5909;34444;18;12454;68479;15,2;25008;153875;11,9;86984;511058;9,7;188737;1033461;4,9;IX8797862;eur;
2014060;MARDI   ;29/07/2014;28/09/2014;40;23;35;10;43;9;3;-10-23-35-40-43-;-3-9-;0;1;37632166;0;1;1021863,3;1;4;85155,2;5;49;3475,7;125;720;206,9;245;1370;108,7;342;1878;56,6;5064;28582;17,1;5089;31225;14,9;9584;57746;13,6;28487;152906;9;78833;463812;8;147177;857612;4,4;IG0151051;eur;
2014059;VENDREDI;25/07/2014;24/09/2014;10;24;9;12;43;5;9;-9-10-12-24-43-;-5-9-;0;0;0;0;1;1412166,8;3;8;58840,2;21;88;2674,5;298;1269;162,2;470;2108;97,6;806;3840;38,3;10982;53467;12,6;13169;57121;11,3;22453;96043;11,3;48995;261737;7,3;168364;781174;6,6;289827;1327538;3,9;VW2444709;eur;
2014058;MARDI   ;22/07/2014;21/09/2014;1;43;50;45;24;5;8;-1-24-43-45-50-;-5-8-;0;0;0;0;0;0;0;5;256211,9;7;43;3724;81;563;248,8;155;1052;133,1;251;1684;59,4;4675;27470;16,7;4095;25736;17,1;8213;48843;15,1;30556;171630;7,5;68145;398816;8,8;134288;746852;4,8;BZ4055272;eur;
2014057;VENDREDI;18/07/2014;17/09/2014;1;41;43;11;29;3;11;-1-11-29-41-43-;-3-11-;0;0;0;0;2;685059,6;1;3;152235,4;4;41;5569,5;141;840;237,8;314;1606;124,4;312;1843;77,4;4622;24995;26,2;7498;39699;15,8;15680;81756;12,9;24964;133188;13,9;107907;568965;8,8;237843;1202811;4,2;FY5304456;eur;
2014056;MARDI   ;15/07/2014;14/09/2014;18;27;15;34;20;1;3;-15-18-20-27-34-;-1-3-;0;1;67902166;1;3;391019,8;1;7;55859,9;10;49;3989,9;169;959;178,3;354;1897;90,1;377;2088;58,5;4843;28511;19,7;7412;40598;13,2;13974;82890;10,9;25942;149174;10,6;98432;560603;7,6;189246;1128439;3,8;DQ2152571;eur;
2014055;VENDREDI;11/07/2014;10/09/2014;38;35;5;49;22;7;4;-5-22-35-38-49-;-4-7-;0;0;0;0;6;269389,2;4;12;44898,2;12;53;5082,8;211;1254;187,9;442;2460;95,8;643;2995;56,2;9779;44817;17,2;9674;50710;14,6;17546;98544;12,6;55382;251029;8,7;142686;734130;8;255160;1379958;4,3;AA8422904;eur;
2014054;MARDI   ;08/07/2014;07/09/2014;24;18;22;8;27;11;4;-8-18-22-24-27-;-4-11-;0;0;0;3;7;155893,9;5;11;33068,4;9;44;4133,5;201;981;162,2;526;2381;66,8;248;1617;70,2;3858;22415;23,3;7708;40172;12,4;19596;96919;8,6;18813;111342;13,2;99198;521405;7,6;240135;1220290;3,3;HB2804196;eur;
2014053;VENDREDI;04/07/2014;03/09/2014;47;18;43;39;4;6;2;-4-18-39-43-47-;-2-6-;0;0;0;1;4;385460;1;5;102789,3;8;47;5467,5;174;935;240,4;341;1875;119,9;479;2606;61,6;8036;40773;18,1;7798;41431;17;15729;83179;14,2;46679;234691;8,8;121241;628468;8,9;239714;1260006;4,5;PE0560379;eur;
2014052;MARDI   ;01/07/2014;31/08/2014;39;25;18;22;27;5;10;-18-22-25-27-39-;-5-10-;0;0;0;0;3;346045;0;7;49435;4;42;4119,5;132;809;187,1;329;1627;93;285;1852;58,3;4058;25682;19,3;6370;36276;13,1;13888;73257;10,9;20860;129645;10,8;87188;497044;7,6;190896;1013595;3,8;RV2440819;eur;
2014051;VENDREDI;27/06/2014;27/08/2014;39;34;45;33;31;2;10;-31-33-34-39-45-;-2-10-;0;0;0;0;1;1474696,7;1;3;163855,1;10;39;6302,1;124;721;298,2;290;1671;128,7;320;1688;91;4987;26027;27,1;5941;34224;19,7;13226;74872;15,1;30673;149285;13,3;93084;525121;10,2;212329;1176555;4,7;PH2764930;eur;
2014050;MARDI   ;24/06/2014;24/08/2014;20;1;7;21;48;4;7;-1-7-20-21-48-;-4-7-;0;0;0;1;3;312175,4;0;5;62435;10;43;3629,9;170;749;182,3;207;1147;119;521;2139;45,6;7417;32816;13,6;7372;34128;12,5;11484;57654;12,5;35948;161567;7,8;102110;487001;7;166598;850260;4,1;AZ1666734;eur;
2014049;VENDREDI;20/06/2014;20/08/2014;5;38;49;15;25;1;2;-5-15-25-38-49-;-1-2-;0;1;24974879;2;7;213747,3;1;11;45340,3;9;54;4617,9;239;1235;176,6;439;2509;86,9;459;2412;64,6;5890;30708;23,3;10135;51563;13,2;19888;107349;10,7;33426;169937;11,9;142216;670601;8,1;271870;1353090;4,1;CA0012020;eur;
2014048;MARDI   ;17/06/2014;17/08/2014;48;13;37;40;11;8;9;-11-13-37-40-48-;-8-9-;0;0;0;0;1;1017907,2;1;3;113100,8;6;47;3609,6;134;653;227,3;224;1211;122,5;238;1316;80,5;3794;21352;22,8;5613;30030;15,5;10455;56076;13,9;21182;117020;11,7;88813;468883;7,9;166321;873721;4,3;DG7576986;eur;
2014047;VENDREDI;13/06/2014;13/08/2014;16;22;28;46;18;11;9;-16-18-22-28-46-;-9-11-;0;1;137313501;1;4;700752,9;3;11;84939,7;7;89;5249;374;1760;232,2;895;3999;102,2;816;3811;76,6;11975;57195;23,4;17802;81820;15,7;41817;184670;11,7;64266;302785;12,5;265652;1180618;8,7;626749;2667016;3,9;EK3268273;eur;
2014046;MARDI   ;10/06/2014;10/08/2014;12;18;21;33;32;1;11;-12-18-21-32-33-;-1-11-;0;0;0;0;9;195840,3;2;14;41965,7;12;61;4815,7;173;1071;240;448;2831;90,7;456;2697;68;6795;38754;21,7;8722;50695;15,9;23233;131446;10,3;36100;204525;11,6;125504;728068;8,8;328699;1832636;3,6;DT0167400;eur;
2014045;VENDREDI;06/06/2014;06/08/2014;34;40;25;7;49;9;11;-7-25-34-40-49-;-9-11-;0;0;0;1;4;672399,4;9;19;47185,9;20;71;6313,6;320;1464;267,9;711;3067;127,8;744;3571;78,4;11885;53776;23,9;16340;72197;17;35548;154402;13,4;64382;291773;12,4;252018;1095967;8,9;560907;2365586;4,2;DE4223321,TV7789844,SQ8065582,VW0168238,IY9878970,MG0512211,KN4607247,PZ6832479,TE6361113,PF6045221;eur;
2014044;MARDI   ;03/06/2014;03/08/2014;2;39;32;15;44;5;10;-2-15-32-39-44-;-5-10-;0;0;0;0;8;188388,7;2;5;100473,9;11;43;5841,5;252;1041;211,1;403;1874;117,2;465;2536;61,9;6925;35787;20,1;9171;44537;15,5;18996;86650;13,4;37686;186537;10,9;136924;647988;8,5;282305;1283442;4,4;NF1393974,JU1051010,DJ1105279,GS0469260,AD5716470,QF9676760,QI5128560,FP4428128,CO8096025,MA5747435;eur;
2014043;VENDREDI;30/05/2014;30/07/2014;27;41;24;45;5;7;6;-5-24-27-41-45-;-6-7-;0;0;0;2;5;355902,2;1;8;74146,3;9;64;4634,1;229;1203;215,7;361;2229;116,4;434;2752;67,3;7330;41512;20,5;10498;57208;14,2;17672;102942;13,3;40727;225568;10,6;163596;863242;7,5;275739;1548489;4,3;TH7672192;eur;
2014042;MARDI   ;27/05/2014;27/07/2014;16;13;26;25;7;1;6;-7-13-16-25-26-;-1-6-;0;0;0;0;6;192199,9;0;11;34945,4;21;62;3099,9;259;1173;143,3;544;2526;66,5;547;2595;46,2;6289;32372;17;9666;46798;11,2;20538;102445;8,6;29000;152797;10,2;114394;583253;7,2;244339;1264586;3,4;GM0459423;eur;
2014041;VENDREDI;23/05/2014;23/07/2014;31;3;47;8;34;11;9;-3-8-31-34-47-;-9-11-;0;0;0;0;3;530046,2;0;5;106009,2;12;47;5638,7;154;874;265,3;333;1906;121,6;315;1813;91,3;4804;28729;26,5;7411;41193;17,6;17201;91986;13,3;26978;157548;13,6;116572;626392;9,3;278105;1424731;4,1;UV3971251;eur;
2014040;MARDI   ;20/05/2014;20/07/2014;38;5;36;33;47;4;9;-5-33-36-38-47-;-4-9-;0;0;0;1;2;528720,3;2;7;50354,3;2;17;10367;103;503;306,5;170;1130;136,4;283;1768;62,3;4724;27162;18,6;4624;27124;17,8;9379;54845;14,8;28668;155628;9,2;75862;422664;9,1;152716;856135;4,6;HO2280110;eur;
2014039;VENDREDI;16/05/2014;16/07/2014;26;23;37;29;40;4;3;-23-26-29-37-40-;-3-4-;0;0;0;1;1;1515237,5;1;6;84179,8;13;60;4208,9;205;1003;220,3;347;1879;117,6;488;2387;66,1;6245;34429;21;9157;46874;14,8;15951;86497;13,5;34954;185290;11;138008;699811;7,9;239831;1272005;4,4;KE9002201;eur;
2014038;MARDI   ;13/05/2014;13/07/2014;47;34;13;30;4;6;2;-4-13-30-34-47-;-2-6-;0;0;0;0;3;342903,5;2;4;85725,8;4;43;3987,2;130;681;220,2;265;1387;108,1;336;1825;58,7;5810;29895;16,4;5607;29450;16;11650;60435;13,1;33707;165287;8,4;89710;455796;8,2;179305;915912;4,2;VQ6162429;eur;
2014037;VENDREDI;09/05/2014;09/07/2014;45;28;3;26;21;10;7;-3-21-26-28-45-;-7-10-;0;0;0;0;1;1460503,5;0;7;69547,7;2;48;5071,1;181;988;215,5;359;1942;109,6;364;1887;80,6;5597;28937;24,1;8944;45892;14,5;18273;95733;11,7;29879;150037;13,1;132929;673646;7,9;274717;1410352;3,8;UV5636100;eur;
2014036;MARDI   ;06/05/2014;06/07/2014;37;5;19;31;24;9;1;-5-19-24-31-37-;-1-9-;0;0;0;0;3;315673,1;4;11;28697,5;7;36;4384,3;128;671;205,8;289;1497;92,2;429;1876;52,5;5670;26063;17,4;5977;29825;14,5;13192;64706;11,2;29123;133014;9,6;89319;431358;8;189670;911871;3,8;NI5188970;eur;
2014035;VENDREDI;02/05/2014;02/07/2014;30;42;4;31;38;11;2;-4-30-31-38-42-;-2-11-;0;1;89166455;0;5;376512,3;0;2;313760,3;7;49;6403,2;164;942;291,4;327;2021;135,8;358;2346;83,5;6109;35400;25,4;8254;48548;17,7;18822;106374;13,6;33830;194919;13;131684;751434;9,1;298279;1652841;4,2;PS1815651;eur;
2014034;MARDI   ;29/04/2014;29/06/2014;35;26;18;23;44;3;11;-18-23-26-35-44-;-3-11-;0;0;0;3;3;433234,3;3;8;54154,2;12;46;4709;159;1000;189,5;380;2087;90,8;345;1826;74,1;4543;25179;24,7;7101;40932;14,5;15481;86973;11,5;23062;131887;13,3;99257;566592;8,4;224575;1216095;4;NF0994682;eur;
2014033;VENDREDI;25/04/2014;25/06/2014;13;49;44;21;24;9;1;-13-21-24-44-49-;-1-9-;0;0;0;2;4;417655,3;5;14;39776,7;24;87;3200,4;246;1248;195,2;504;2406;101,2;686;3234;53,8;9825;45733;17,5;10608;54163;14,1;21885;111497;11,5;49817;233461;9,6;150858;768789;7,9;310019;1592326;3,9;PJ8788490;eur;
2014032;MARDI   ;22/04/2014;22/06/2014;20;46;15;24;13;8;1;-13-15-20-24-46-;-1-8-;0;0;0;1;2;530391,1;1;3;117864,7;4;32;5524,9;119;676;228,8;248;1370;112,9;348;1718;64,3;4986;24693;20,5;6621;33356;14,5;13267;69076;11,8;25840;129071;11,1;96049;490383;7,9;191522;1002158;3,9;DT8151003;eur;
2014031;VENDREDI;18/04/2014;18/06/2014;21;47;31;39;24;3;7;-21-24-31-39-47-;-3-7-;0;0;0;0;1;1540885,6;1;8;64203,5;19;72;3566,8;235;1051;213,8;381;1976;113,7;796;3717;43,1;12413;58244;12,6;9160;45256;15,6;16143;82988;14,3;73182;329046;6,3;140219;680275;8,3;241463;1234186;4,6;IZ5540564;eur;
2014030;MARDI   ;15/04/2014;15/06/2014;14;50;47;26;3;7;11;-3-14-26-47-50-;-7-11-;0;0;0;0;3;353233,3;3;8;44154,1;6;27;6541,3;136;720;214,6;235;1354;114,1;231;1433;77;4024;21630;23,4;5566;30128;16,1;11120;63133;12,9;21508;114719;12,5;85316;450080;8,6;175144;931036;4,2;FU5461911;eur;
2014029;VENDREDI;11/04/2014;11/06/2014;8;33;30;12;19;4;11;-8-12-19-30-33-;-4-11-;0;0;0;0;11;146639;6;19;28298,7;17;50;5376,7;312;1400;168;887;3636;64,6;459;2354;71,3;5964;31403;24,6;12513;55625;13,2;32484;137637;9;29530;159450;13,6;155675;730741;8;390877;1770090;3,4;OB5880368;eur;
2014028;MARDI   ;08/04/2014;08/06/2014;42;11;29;18;49;11;4;-11-18-29-42-49-;-4-11-;0;0;0;0;5;199536,9;0;6;55426,9;16;37;4494;151;636;228,7;348;1522;95,5;278;1397;74,3;4010;19798;24,1;6462;29635;15,4;14039;64621;11,9;19089;98177;13,7;90921;426196;8,5;201958;946597;3,9;BB0614464;eur;
2014027;VENDREDI;04/04/2014;04/06/2014;50;45;28;6;10;10;11;-6-10-28-45-50-;-10-11-;0;0;0;0;2;735283,2;1;4;122547,2;10;51;4805,7;201;863;248,5;502;2260;94,8;404;2093;73,1;5853;31300;22,5;8070;37499;17,9;23287;101267;11,1;28024;149560;13,3;113905;532451;10,1;345939;1500612;3,6;BI2395047;eur;
2014026;MARDI   ;01/04/2014;01/06/2014;44;38;18;16;26;10;8;-16-18-26-38-44-;-8-10-;0;1;15000000;1;4;242827,8;0;2;161885,2;3;47;3444,3;113;690;205,2;284;1415;100,1;249;1355;74,6;3466;18327;25,3;5515;28557;15,5;12696;62174;12;17746;93424;14;80526;403902;8,8;184181;897098;4;KC0185304;eur;
2014025;VENDREDI;28/03/2014;28/05/2014;3;43;19;28;4;3;7;-3-4-19-28-43-;-3-7-;0;1;25329483;0;6;258237;1;7;73782;30;118;2188,4;358;1335;169,2;548;2358;95,8;1409;5569;28,9;18487;77548;9,5;14200;60019;11,8;22308;100776;11,8;85389;368327;5,6;192800;844206;6,7;312045;1444414;4;NY2485071;eur;
2014024;MARDI   ;25/03/2014;25/05/2014;28;50;26;7;20;8;2;-7-20-26-28-50-;-2-8-;0;0;0;0;5;195729,7;1;3;108738,7;6;44;3707;160;666;214,2;307;1399;102;481;2308;44,1;7333;33757;13,8;7068;32234;13,9;13493;64627;11,6;36420;172691;7,6;101147;479144;7,4;197719;947092;3,8;EZ9688014;eur;
2014023;VENDREDI;21/03/2014;21/05/2014;37;7;39;30;42;7;5;-7-30-37-39-42-;-5-7-;0;1;25493153;0;3;524657,6;2;8;65582,2;17;66;3974,6;189;898;255,6;333;1678;136,7;733;3736;43,8;12855;60227;12,5;9988;48593;14,8;16642;80878;15;72314;329336;6,4;161130;760822;7,5;261898;1243868;4,7;RT4523908;eur;
2014022;MARDI   ;18/03/2014;18/05/2014;27;36;34;8;39;5;10;-8-27-34-36-39-;-5-10-;0;0;0;0;4;253982;0;4;84660,6;0;31;5461,9;115;666;222,4;226;1218;121,6;241;1395;75,8;3700;21415;22,7;5514;29748;15,6;12236;59652;13,1;21458;115911;11,8;83297;427349;8,7;183415;880150;4,3;IL4776187;eur;
2014021;VENDREDI;14/03/2014;14/05/2014;30;24;6;27;25;9;5;-6-24-25-27-30-;-5-9-;0;1;129384564;1;7;367715,3;4;17;50470,7;28;126;3404,7;450;2050;183,1;838;3745;100,2;1174;5844;45,8;16773;83444;14,7;19914;92491;12,7;36385;167378;11,8;86634;440246;7,9;272517;1297395;7,2;509415;2334784;4,1;EX5411560;eur;
2014020;MARDI   ;11/03/2014;11/05/2014;1;4;44;33;23;8;7;-1-4-23-33-44-;-7-8-;0;0;0;1;5;366735,3;4;11;55565,9;10;74;4129,9;306;1442;185,4;553;2768;96,6;595;2932;65,1;8776;42825;20,5;13814;65280;12,8;24659;120281;11,7;44848;220943;11,2;199280;935215;7,1;350421;1704668;4;IN6376083;eur;
2014019;VENDREDI;07/03/2014;07/05/2014;38;10;40;5;41;1;8;-5-10-38-40-41-;-1-8-;0;0;0;2;6;453509,3;1;11;82456,2;14;69;6572,5;357;1449;273,8;733;3224;123;946;3776;75;14818;58818;22,1;17175;74171;16,8;35163;150526;13,9;83378;324122;11,3;276831;1155676;8,6;569726;2362786;4,3;OM8163085;eur;
2014018;MARDI   ;04/03/2014;04/05/2014;3;22;5;27;44;6;1;-3-5-22-27-44-;-1-6-;0;0;0;0;1;1000384;1;8;41682,6;7;35;4763,7;143;740;197,1;431;1845;79;414;1797;57,9;5781;25754;18,6;7546;33944;13,5;17320;79135;9,7;29093;130689;10,3;109994;486135;7,5;240529;1074540;3,4;HI1873744;eur;
2014017;VENDREDI;28/02/2014;30/04/2014;38;44;32;12;43;2;7;-12-32-38-43-44-;-2-7-;0;1;42517715;0;2;797418,8;0;6;88602;21;62;4287,1;197;1040;223,6;339;1816;128;816;3401;48,8;11932;48286;15,8;10722;49277;14,8;18676;89325;13,7;67831;269402;8;156262;708467;8,2;269950;1286266;4,6;EW7511584;eur;
2014016;MARDI   ;25/02/2014;27/04/2014;42;21;25;28;35;6;4;-21-25-28-35-42-;-4-6-;0;0;0;2;2;519074;1;8;43256,1;10;61;2836,4;218;975;155,2;422;2168;69,8;504;2212;48,8;6706;30467;16,3;6573;32531;14,6;14005;67662;11,8;36421;158935;8,8;94761;457694;8,3;198781;949332;4,1;HJ6012869;eur;
2014015;VENDREDI;21/02/2014;23/04/2014;28;13;17;30;32;5;7;-13-17-28-30-32-;-5-7-;0;0;0;1;5;298934,3;2;7;71174,8;31;140;1779,3;364;1624;134,2;614;2466;88,3;1122;5118;30,4;15296;67179;10,6;14730;63785;10,7;24117;101221;11,3;74834;320920;6,3;199999;852197;6,4;330981;1375376;4;DQ8838417;eur;
2014014;MARDI   ;18/02/2014;20/04/2014;36;37;26;23;49;6;7;-23-26-36-37-49-;-6-7-;0;0;0;0;0;0;1;2;649098,6;13;36;4507,6;102;529;268,4;192;1024;138,6;272;1453;69,8;4492;21462;21,7;5895;27430;16,2;10360;48987;15,3;25278;118157;11,1;95606;428931;8,3;163860;756202;4,8;SQ0598600;eur;
2014013;VENDREDI;14/02/2014;16/04/2014;19;39;4;2;6;2;7;-2-4-6-19-39-;-2-7-;0;1;25543227;1;6;263580,6;3;10;52716,1;37;91;2896,4;480;1531;150,6;721;2407;95,8;1392;4417;37,2;18101;58602;12,9;19675;65796;11;29927;107491;11,3;86662;292652;7,3;238699;843544;6,8;386432;1445016;4,1;EQ1680495;eur;
2014012;MARDI   ;11/02/2014;13/04/2014;47;25;8;17;41;1;2;-8-17-25-41-47-;-1-2-;0;0;0;1;2;493913,6;2;8;41159,4;5;22;7483,5;148;646;223;316;1378;104,5;298;1343;76,6;4318;19763;23,9;6659;29097;15,5;12780;59743;12,7;23670;111086;12;99636;427175;8,4;190794;867503;4,2;MU7261636;eur;
2014011;VENDREDI;07/02/2014;09/04/2014;17;19;47;3;46;9;10;-3-17-19-46-47-;-9-10-;0;1;25315477;1;2;773660,7;2;10;51577,3;10;47;5486,9;182;867;260,2;421;1952;115,5;341;1704;94,5;5397;26398;28;9143;41519;17;21369;94587;12,6;28393;138345;15,1;143732;630272;9;333679;1446799;4;PX4005014;eur;
2014010;MARDI   ;04/02/2014;06/04/2014;37;1;33;21;38;8;4;-1-21-33-37-38-;-4-8-;0;0;0;0;1;1014692,9;2;6;56371,8;3;18;9395,3;106;493;300,1;184;1026;144,2;376;1634;64,6;5740;26279;18,5;5305;26166;17,7;11013;53044;14,7;34768;151424;9;90441;422991;8,7;183844;858462;4,4;SI2985305;eur;
