annee_numero_de_tirage;jour_de_tirage;date_de_tirage;date_de_forclusion;boule_1;boule_2;boule_3;boule_4;boule_5;numero_chance;combinaison_gagnante_en_ordre_croissant;nombre_de_gagnant_au_rang1;rapport_du_rang1;nombre_de_gagnant_au_rang2;rapport_du_rang2;nombre_de_gagnant_au_rang3;rapport_du_rang3;nombre_de_gagnant_au_rang4;rapport_du_rang4;nombre_de_gagnant_au_rang5;rapport_du_rang5;nombre_de_gagnant_au_rang6;rapport_du_rang6;nombre_de_gagnant_au_rang7;rapport_du_rang7;nombre_de_gagnant_au_rang8;rapport_du_rang8;nombre_de_gagnant_au_rang9;rapport_du_rang9;nombre_de_codes_gagnants;rapport_codes_gagnants;codes_gagnants;numero_jokerplus;devise;
2019024;LUNDI   ;25/02/2019;27/04/2019;7;44;37;48;38;7;7-37-38-44-48+7;0;4000000;0;100000;48;1000;181;500;1732;50;9799;20;27734;10;151855;5;433301;2,2;10;20000;R 3329 7084,J 3818 3823,A 1155 6066,P 3526 8298,W 0926 6084,R 2639 7097,S 2510 7376,O 2415 6017,Q 4947 7534,Q 1765 2471;5 031 606;eur;
2019023;SAMEDI  ;23/02/2019;25/04/2019;3;45;13;4;44;5;3-4-13-44-45+5;0;3000000;1;100000;43;1000;424;500;2668;50;22864;20;43244;10;347123;5;561341;2,2;10;20000;V 3722 4561,T 8722 8794,A 0899 8395,U 4783 5650,K 9220 3658,T 8680 1405,F 4948 0825,L 2979 3225,J 8017 1246,F 5587 1083;6 273 343;eur;
2019022;MERCREDI;20/02/2019;22/04/2019;25;29;8;34;15;1;8-15-25-29-34+1;0;2000000;2;100000;50;1000;345;500;1413;50;17630;20;19886;10;253327;5;267697;2,2;10;20000;E 0854 5739,C 5416 5180,R 5699 4408,I 2074 9007,S 8426 5361,E 0561 7072,N 6772 5129,V 3669 9978,G 1862 0238,I 7510 0730;6 468 700;eur;
2019021;LUNDI   ;18/02/2019;20/04/2019;18;9;11;33;7;9;7-9-11-18-33+9;1;2000000;1;100000;70;1000;649;500;2739;50;23747;20;29193;10;264322;5;262263;2,2;10;20000;V 0522 2099,S 2381 5953,S 5274 8578,O 0853 0988,C 8855 7288,I 9261 6022,O 8833 1806,F 9999 6558,S 2575 6621,U 7966 7797;3 153 532;eur;
2019020;SAMEDI  ;16/02/2019;18/04/2019;8;7;25;11;46;7;7-8-11-25-46+7;1;14000000;5;100000;156;1000;817;500;6515;50;34375;20;81313;10;455336;5;850950;2,2;10;20000;Q 7225 4367,H 9140 5005,G 3444 2061,M 3621 4955,S 8750 6676,L 7083 0767,Q 3148 7115,M 2192 4169,E 5353 9361,Q 6490 6033;2 595 166;eur;
2019019;MERCREDI;13/02/2019;15/04/2019;43;41;29;14;7;3;7-14-29-41-43+3;0;13000000;0;100000;64;1000;601;500;3019;50;24984;20;41664;10;352370;5;551455;2,2;10;20000;C 7247 6135,G 4886 2894,N 2158 4042,W 0868 5368,R 9537 3189,I 5371 8427,E 0508 9099,Q 2809 8198,K 8947 9117,S 6776 4085;7 250 317;eur;
2019018;LUNDI   ;11/02/2019;13/04/2019;43;15;13;48;25;5;13-15-25-43-48+5;0;12000000;0;100000;43;1000;325;500;2154;50;15249;20;31735;10;230939;5;405580;2,2;10;20000;M 7475 9609,H 6304 3503,O 1435 4278,U 1455 1866,O 9101 0325,C 7624 2630,E 4818 9892,E 9002 9432,S 2764 4064,N 5183 1462;1 236 337;eur;
2019017;SAMEDI  ;09/02/2019;11/04/2019;47;40;45;42;3;9;3-40-42-45-47+9;0;11000000;1;100000;46;1000;441;500;2063;50;18452;20;33605;10;296916;5;562233;2,2;10;20000;A 0141 2768,O 1770 2986,L 8521 3914,W 0833 6901,R 0509 6234,F 5009 0581,I 8449 4132,A 8058 7365,I 7750 6717,N 1770 3317;5 654 040;eur;
2019016;MERCREDI;06/02/2019;08/04/2019;4;15;21;26;22;10;4-15-21-22-26+10;0;10000000;3;100000;57;1000;623;500;1958;50;24202;20;25925;10;314580;5;323617;2,2;10;20000;D 6439 6661,S 2766 0716,N 1864 6967,V 3320 4330,C 2258 8718,K 3076 7015,L 7385 5033,B 6979 3462,H 9362 5083,S 6360 8097;1 419 901;eur;
2019015;LUNDI   ;04/02/2019;06/04/2019;40;12;37;24;42;1;12-24-37-40-42+1;0;9000000;1;100000;36;1000;368;500;1097;50;14148;20;16691;10;198606;5;260587;2,2;10;20000;H 8057 8698,I 0570 5287,I 2833 4134,H 5249 5999,S 7444 8683,Q 9383 4000,G 2500 0624,S 7694 1367,K 3642 3971,C 1002 8501;0 482 859;eur;
2019014;SAMEDI  ;02/02/2019;04/04/2019;32;27;5;7;35;3;5-7-27-32-35+3;0;8000000;0;100000;80;1000;551;500;3012;50;25713;20;44607;10;382701;5;552412;2,2;10;20000;D 1841 6479,B 2925 6204,I 1442 7909,P 6787 3943,D 0779 6119,K 2790 2800,B 8367 7068,O 7727 3921,L 9497 4209,B 5801 7711;3 681 283;eur;
2019013;MERCREDI;30/01/2019;01/04/2019;20;47;15;11;30;9;11-15-20-30-47+9;0;7000000;1;100000;50;1000;548;500;2108;50;21339;20;27638;10;266777;5;351021;2,2;10;20000;V 7613 2188,O 9472 7651,B 4408 8807,G 3696 4736,C 6105 1117,H 7510 0073,G 9849 2776,E 5793 5117,F 0713 5930,I 8452 5767;2 197 524;eur;
2019012;LUNDI   ;28/01/2019;30/03/2019;37;15;30;6;47;6;6-15-30-37-47+6;0;6000000;1;100000;18;1000;242;500;1362;50;11595;20;20170;10;178606;5;272143;2,2;10;20000;A 9928 7617,C 8199 0017,F 7697 3647,P 3046 3537,J 5630 3837,V 7167 4365,V 2597 5612,G 3022 6438,K 4977 8300,L 3765 2921;6 031 466;eur;
2019011;SAMEDI  ;26/01/2019;28/03/2019;30;14;12;16;42;2;12-14-16-30-42+2;0;5000000;5;100000;48;1000;588;500;2309;50;25517;20;32455;10;358764;5;411124;2,2;10;20000;T 8066 5462,I 8177 2516,L 6676 3258,T 4791 0501,O 6781 3604,M 0930 0038,P 4647 9261,D 4035 0815,G 6617 9627,F 5705 0317;2 328 723;eur;
2019010;MERCREDI;23/01/2019;25/03/2019;25;17;41;24;38;10;17-24-25-38-41+10;0;4000000;0;100000;32;1000;368;500;1206;50;13963;20;17925;10;216232;5;272422;2,2;10;20000;D 0630 2540,U 2851 3190,A 6713 0577,T 9878 9101,V 4096 1146,S 2458 1447,M 0892 5322,C 3917 7809,V 0141 0421,K 5611 2401;3 620 000;eur;
2019009;LUNDI   ;21/01/2019;23/03/2019;17;26;30;47;20;6;17-20-26-30-47+6;0;3000000;0;100000;22;1000;312;500;1421;50;13551;20;19450;10;192341;5;259423;2,2;10;20000;E 7785 9019,M 1619 6863,I 8999 0486,K 8780 4678,L 9198 0505,M 4355 5652,H 7139 5555,P 0708 2541,N 2001 1271,G 4702 2001;3 634 914;eur;
2019008;SAMEDI  ;19/01/2019;21/03/2019;37;10;39;16;34;7;10-16-34-37-39+7;0;2000000;0;100000;52;1000;339;500;2603;50;15958;20;41548;10;256215;5;725406;2,2;10;20000;B 6515 7075,Q 3465 9386,B 3345 7386,T 3551 4669,G 4872 8013,T 8551 2047,O 2060 3785,U 4625 9675,K 7751 6102,B 1615 2674;1 324 925;eur;
2019007;MERCREDI;16/01/2019;18/03/2019;15;11;10;1;31;3;1-10-11-15-31+3;1;5000000;7;100000;86;1000;807;500;3022;50;27632;20;35604;10;311536;5;377504;2,2;10;20000;Q 8034 9783,R 4068 3981,F 5033 7588,K 9306 9286,F 9062 0790,U 6836 1369,K 0138 6625,E 7863 7472,A 2572 5957,T 4981 0885;7 792 414;eur;
2019006;LUNDI   ;14/01/2019;16/03/2019;35;33;44;1;11;10;1-11-33-35-44+10;0;4000000;0;100000;30;1000;366;500;1171;50;13199;20;17010;10;192496;5;233868;2,2;10;20000;D 2302 1314,T 6717 9609,K 6252 7755,E 9384 0072,V 4892 4983,C 0644 3118,E 3463 6508,G 3113 2220,O 0638 1202,M 4281 6792;9 007 763;eur;
2019005;SAMEDI  ;12/01/2019;14/03/2019;19;24;11;34;25;8;11-19-24-25-34+8;0;3000000;2;100000;60;1000;526;500;2939;50;25864;20;41625;10;367813;5;515221;2,2;10;20000;T 1571 9544,N 8540 2450,L 4552 0766,O 9460 9602,M 3964 3162,N 9801 9939,A 4497 7953,H 3238 6746,D 7951 9848,L 3692 2660;1 833 112;eur;
2019004;MERCREDI;09/01/2019;11/03/2019;6;19;46;21;15;10;6-15-19-21-46+10;0;2000000;2;100000;44;1000;469;500;1660;50;20264;20;21606;10;265476;5;271392;2,2;10;20000;G 5271 6911,H 4241 8044,B 6532 1964,Q 9692 1940,V 1654 1072,L 2529 8014,L 1289 5423,M 9225 9151,R 8264 3080,T 9847 4549;1 847 919;eur;
2019003;LUNDI   ;07/01/2019;09/03/2019;1;19;12;31;7;10;1-7-12-19-31+10;1;3000000;9;100000;92;1000;1033;500;2326;50;29259;20;23077;10;286785;5;228358;2,2;10;20000;W 0627 8777,M 1681 6872,B 1710 0736,J 7929 8015,Q 3784 4355,Q 7355 1292,C 9587 6497,U 0861 4615,I 2449 3168,F 8995 8756;2 657 641;eur;
2019002;SAMEDI  ;05/01/2019;07/03/2019;48;18;40;7;6;7;6-7-18-40-48+7;0;2000000;0;100000;60;1000;446;500;3529;50;21944;20;56703;10;331670;5;726220;2,2;10;20000;U 2008 9147,U 7874 8531,S 5048 6792,B 1085 9248,P 0053 2804,G 5182 2263,Q 1458 7864,S 7722 2715,U 2996 4665,F 6308 1527;1 690 340;eur;
2019001;MERCREDI;02/01/2019;04/03/2019;36;12;29;2;26;7;2-12-26-29-36+7;1;11000000;3;100000;81;1000;487;500;3255;50;19290;20;45693;10;262176;5;580605;2,2;10;20000;Q 1232 0444,D 6243 0817,O 3577 1075,C 3236 6226,U 1350 0198,G 1262 5228,F 6687 8074,D 9519 9668,R 9649 8942,J 7300 7661;2 289 928;eur;
2018157;LUNDI   ;31/12/2018;02/03/2019;43;24;34;27;14;10;14-24-27-34-43+10;0;10000000;8;100000;73;1000;990;500;3495;50;39851;20;48737;10;537142;5;696125;2,2;10;20000;E 6202 3197,H 5428 1787,M 7494 7671,O 6670 3636,K 7908 9156,W 0668 9538,O 6177 5185,J 2126 1563,Q 3461 5980,A 7809 7379;4 308 773;eur;
2018156;SAMEDI  ;29/12/2018;28/02/2019;26;30;42;38;12;5;12-26-30-38-42+5;0;2000000;3;100000;59;1000;630;500;3105;50;23780;20;41941;10;329344;5;593794;2,2;10;20000;P 9130 3828,B 9623 5462,M 6526 9250,C 3011 7744,M 3320 0408,G 2806 2479,N 5763 5887,R 8482 5613,N 1882 6686,G 3929 1328;1 435 695;eur;
2018155;MERCREDI;26/12/2018;25/02/2019;45;9;5;24;11;10;5-9-11-24-45+10;2;1000000;3;100000;51;1000;662;500;1970;50;26528;20;22825;10;295781;5;242665;2,2;10;20000;R 3603 4953,U 2906 5397,C 4129 3357,G 1296 6635,F 6361 3651,E 6283 8269,J 6664 3219,T 5123 7141,L 5247 3322,D 4217 1429;3 531 459;eur;
2018154;LUNDI   ;24/12/2018;23/02/2019;10;22;34;43;46;2;10-22-34-43-46+2;0;2000000;1;100000;33;1000;345;500;1297;50;13088;20;18424;10;195222;5;281187;2,2;10;20000;V 4103 0032,L 7028 4632,M 3441 2019,B 2329 0626,V 6152 2280,T 4065 7900,U 0131 6282,A 2358 5083,S 2938 2529,S 6575 4830;3 155 035;eur;
2018153;SAMEDI  ;22/12/2018;21/02/2019;44;46;31;11;22;5;11-22-31-44-46+5;1;2000000;1;100000;77;1000;515;500;2896;50;22065;20;38931;10;300234;5;544196;2,2;10;20000;I 0626 6850,Q 2767 9155,K 6294 8045,S 9273 7059,O 7581 8568,U 5285 7427,R 6697 1298,Q 4294 9093,W 0604 8075,O 8535 6097;8 467 063;eur;
2018152;MERCREDI;19/12/2018;18/02/2019;21;3;25;10;11;3;3-10-11-21-25+3;1;8000000;5;100000;109;1000;848;500;3797;50;28310;20;40568;10;316732;5;377695;2,2;10;20000;H 1347 4693,P 5248 0269,D 9106 9685,V 5616 1762,K 8992 8218,D 9020 7816,P 0755 9044,P 7421 1254,L 2970 3030,V 8188 4847;9 489 484;eur;
2018151;LUNDI   ;17/12/2018;16/02/2019;2;9;25;35;30;9;2-9-25-30-35+9;0;7000000;0;100000;39;1000;252;500;1511;50;13021;20;21981;10;196260;5;280707;2,2;10;20000;W 0573 3689,M 5592 3074,R 7008 0528,C 8032 2559,K 4493 1452,U 3986 2202,B 1332 1463,C 1728 4771,T 9749 9047,A 3583 1191;3 024 881;eur;
2018150;SAMEDI  ;15/12/2018;14/02/2019;38;1;3;32;30;6;1-3-30-32-38+6;0;6000000;0;100000;24;1000;305;500;1752;50;17721;20;30227;10;299177;5;460462;2,2;10;20000;Q 2944 6741,F 2593 6778,W 0570 7961,L 9356 8603,M 3223 1357,B 2219 2183,A 4279 2902,P 5493 3440,O 6733 6610,U 9794 6963;2 723 547;eur;
2018149;MERCREDI;12/12/2018;11/02/2019;39;21;45;12;44;5;12-21-39-44-45+5;0;5000000;1;100000;31;1000;282;500;1854;50;14250;20;27894;10;216380;5;420225;2,2;10;20000;H 7572 4197,G 7604 8006,O 1449 4771,C 7298 5932,E 4103 0432,C 1457 4322,I 8276 7262,S 4699 9875,C 2317 6907,P 8015 1601;0 833 169;eur;
2018148;LUNDI   ;10/12/2018;09/02/2019;8;34;16;13;37;10;8-13-16-34-37+10;0;4000000;2;100000;28;1000;313;500;1100;50;13671;20;16349;10;199209;5;217403;2,2;10;20000;R 7280 2157,D 3447 8753,R 4328 5704,C 8616 8560,M 0039 9644,F 8705 1619,F 3855 7712,B 0977 2345,I 7422 8999,R 6222 5446;0 666 918;eur;
2018147;SAMEDI  ;08/12/2018;07/02/2019;25;38;11;29;14;8;11-14-25-29-38+8;0;3000000;3;100000;69;1000;612;500;2920;50;24505;20;39300;10;334033;5;492733;2,2;10;20000;A 8136 8966,B 4615 7171,I 8156 6406,O 6585 8854,B 8949 9547,N 9749 4194,A 9587 4102,E 7348 0140,N 6632 3543,N 6667 3867;5 005 548;eur;
2018146;MERCREDI;05/12/2018;04/02/2019;6;19;41;17;18;9;6-17-18-19-41+9;0;2000000;0;100000;34;1000;290;500;1707;50;16468;20;27022;10;249340;5;328384;2,2;10;20000;K 4184 9540,T 3367 1869,M 9080 6789,E 4046 6431,V 1912 0915,K 2128 7783,S 9209 2056,E 8534 9547,A 6590 3761,D 2786 2083;2 364 715;eur;
2018145;LUNDI   ;03/12/2018;02/02/2019;1;15;9;19;39;5;1-9-15-19-39+5;1;5000000;3;100000;48;1000;426;500;2212;50;16639;20;27908;10;211907;5;323568;2,2;10;20000;G 8032 6572,M 6913 4554,J 5329 9087,J 3451 7871,M 8245 8444,S 2065 7600,K 5928 8299,C 4708 8363,W 0533 7541,A 6076 2489;2 129 013;eur;
2018144;SAMEDI  ;01/12/2018;31/01/2019;15;6;3;23;39;2;3-6-15-23-39+2;0;4000000;2;100000;59;1000;619;500;2305;50;27014;20;31142;10;354973;5;390787;2,2;10;20000;M 3233 6254,W 0526 3495,H 1437 8443,S 9575 8972,L 6716 1144,G 2765 4737,Q 7015 9094,S 1896 1618,C 0327 6283,V 7883 8801;4 479 702;eur;
2018143;MERCREDI;28/11/2018;28/01/2019;3;38;30;10;15;6;3-10-15-30-38+6;0;3000000;1;100000;39;1000;386;500;1735;50;18359;20;24327;10;244739;5;310595;2,2;10;20000;Q 7344 7907,I 7656 9172,S 5536 6492,V 8124 4853,R 7104 7319,L 9327 5948,B 8906 6076,V 4480 8492,T 9176 5680,U 8954 9758;6 578 232;eur;
2018142;LUNDI   ;26/11/2018;26/01/2019;36;30;34;14;21;2;14-21-30-34-36+2;0;2000000;0;100000;22;1000;222;500;938;50;10211;20;13801;10;155362;5;219254;2,2;10;20000;I 8638 6569,R 8760 0539,M 6211 0635,G 9653 3124,I 2938 4494,C 6885 0364,J 9103 7580,I 5871 8677,C 0755 6689,J 5853 3210;7 437 466;eur;
2018141;SAMEDI  ;24/11/2018;24/01/2019;15;11;5;22;10;5;5-10-11-15-22+5;3;4000000;10;100000;234;1000;1330;500;6877;50;43310;20;66079;10;465574;5;572435;2,2;10;20000;E 3230 0242,V 4759 8008,J 5674 6998,O 1025 8943,C 1775 9851,N 5736 4895,I 7729 4509,G 8574 8574,H 3128 5494,T 7359 2178;1 151 179;eur;
2018140;MERCREDI;21/11/2018;21/01/2019;22;45;20;21;23;10;20-21-22-23-45+10;0;11000000;1;100000;25;1000;423;500;1534;50;15798;20;23270;10;260063;5;317332;2,2;10;20000;A 4729 3389,R 9083 6316,M 9672 3756,E 9181 2330,G 6283 6004,W 0484 9779,D 4481 9800,C 2851 6502,S 2306 0729,O 7737 1865;3 379 978;eur;
2018139;LUNDI   ;19/11/2018;19/01/2019;33;46;21;20;28;7;20-21-28-33-46+7;0;10000000;4;100000;22;1000;245;500;1594;50;10612;20;28610;10;175010;5;448905;2,2;10;20000;A 6632 5405,O 6381 7046,F 2776 2098,U 8902 6925,D 9287 2219,Q 1555 8452,I 3148 1883,G 9468 8994,K 8097 2898,F 1918 2277;4 576 968;eur;
2018138;SAMEDI  ;17/11/2018;17/01/2019;42;20;27;22;12;7;12-20-22-27-42+7;0;9000000;4;100000;113;1000;595;500;4800;50;27072;20;62713;10;358824;5;719538;2,2;10;20000;G 1856 8724,T 9031 4084,W 0454 2572,R 5706 7139,M 5708 5563,O 4957 4863,U 4991 4100,S 9631 2975,G 6217 0352,V 4795 7185;6 845 048;eur;
2018137;MERCREDI;14/11/2018;14/01/2019;36;41;15;49;48;5;15-36-41-48-49+5;0;8000000;1;100000;31;1000;199;500;1655;50;12632;20;24951;10;193284;5;449977;2,2;10;20000;T 6609 8252,E 1350 2475,F 5122 4564,D 4140 5012,H 2961 2683,J 4280 1740,A 5216 4560,G 4475 4113,D 8866 9226,G 8212 1382;7 364 609;eur;
2018136;LUNDI   ;12/11/2018;12/01/2019;13;14;37;21;15;7;13-14-15-21-37+7;0;7000000;0;100000;42;1000;246;500;2330;50;13735;20;36567;10;206514;5;432934;2,2;10;20000;D 1307 5844,E 0158 9013,A 5580 7108,R 8274 5020,T 9669 8230,Q 1242 4691,H 7128 9050,O 0055 2121,F 2503 2299,V 8189 8515;9 913 131;eur;
2018135;SAMEDI  ;10/11/2018;10/01/2019;20;43;18;44;30;7;18-20-30-43-44+7;0;6000000;1;100000;58;1000;368;500;3075;50;20521;20;48945;10;309979;5;753959;2,2;10;20000;L 5112 7474,I 5987 7092,U 9111 5696,S 2147 7591,F 5391 2100,S 0352 2492,P 7750 0730,B 0494 0752,K 8362 3545,J 2959 4870;1 061 318;eur;
2018134;MERCREDI;07/11/2018;07/01/2019;33;27;3;20;6;8;3-6-20-27-33+8;0;5000000;4;100000;41;1000;503;500;2125;50;21014;20;30485;10;279578;5;370161;2,2;10;20000;T 9876 6925,U 6210 4151,A 0459 4788,E 2369 9766,C 4818 0637,I 2354 4407,E 7723 1625,V 2821 2810,J 6805 9340,I 9360 7772;3 113 492;eur;
2018133;LUNDI   ;05/11/2018;05/01/2019;9;11;39;29;32;8;9-11-29-32-39+8;0;4000000;2;100000;40;1000;287;500;1529;50;13872;20;21884;10;195932;5;293214;2,2;10;20000;H 8326 2789,N 2469 5587,A 7129 2442,I 2267 9494,M 0231 7819,B 7618 5892,R 7068 3725,P 2589 8399,L 4774 1579,M 9697 8178;3 836 255;eur;
2018132;SAMEDI  ;03/11/2018;03/01/2019;6;29;8;9;39;2;6-8-9-29-39+2;0;3000000;1;100000;45;1000;506;500;2497;50;26561;20;33180;10;367194;5;396853;2,2;10;20000;L 8083 5523,D 9624 6759,R 2654 5958,C 9750 2534,R 4582 7906,F 7504 8008,P 6532 1099,V 6528 3430,L 3661 1089,G 1353 2644;7 126 697;eur;
2018131;MERCREDI;31/10/2018;31/12/2018;34;14;2;28;38;4;2-14-28-34-38+4;0;2000000;3;100000;32;1000;253;500;1607;50;14081;20;23862;10;210813;5;346434;2,2;10;20000;A 0311 5742,S 5789 9619,F 7051 7770,O 9320 2697,K 7230 8538,W 0376 3818,T 1126 5304,K 1073 2498,L 7683 8446,G 5794 2816;1 300 097;eur;
2018130;LUNDI   ;29/10/2018;29/12/2018;9;42;24;43;22;7;9-22-24-42-43+7;1;5000000;1;100000;40;1000;213;500;2002;50;11376;20;32172;10;178936;5;431811;2,2;10;20000;F 5404 8134,P 3560 1165,Q 6658 0639,L 1004 1905,R 6255 7121,T 8321 1534,S 5995 1065,V 4574 3812,F 2918 2599,L 7847 0595;5 697 395;eur;
2018129;SAMEDI  ;27/10/2018;27/12/2018;26;21;36;29;35;9;21-26-29-35-36+9;0;4000000;1;100000;35;1000;308;500;1750;50;16170;20;30194;10;274984;5;487137;2,2;10;20000;Q 5107 3436,M 3470 5463,E 3927 8574,R 9087 9579,N 2067 9171,K 8269 6210,S 7467 3966,A 0070 4352,P 9541 9695,U 5964 8211;3 020 818;eur;
2018128;MERCREDI;24/10/2018;24/12/2018;28;45;34;36;9;6;9-28-34-36-45+6;0;3000000;0;100000;37;1000;329;500;1499;50;14930;20;21045;10;205803;5;320139;2,2;10;20000;M 7426 1424,M 9998 2405,N 8496 1803,F 7721 5638,S 5709 0383,F 7092 0156,L 8378 7196,C 7137 7133,A 5939 8015,O 4672 3852;4 376 991;eur;
2018127;LUNDI   ;22/10/2018;22/12/2018;10;4;29;19;47;6;4-10-19-29-47+6;0;2000000;2;100000;38;1000;413;500;1632;50;16290;20;21105;10;206531;5;252716;2,2;10;20000;K 0011 5615,O 4246 4485,R 1607 7408,G 2495 1872,A 5491 4724,T 2049 7215,Q 6784 8877,S 1622 2771,L 4892 1600,K 2665 2957;2 304 053;eur;
2018126;SAMEDI  ;20/10/2018;20/12/2018;7;17;31;12;48;8;7-12-17-31-48+8;1;9000000;3;100000;89;1000;825;500;3631;50;32999;20;47683;10;417942;5;539829;2,2;10;20000;T 0737 0035,L 7209 1099,N 8148 2722,M 9612 4850,N 0069 1765,D 1966 3318,Q 5036 4512,N 1429 6330,K 4281 3030,O 1625 3054;1 700 502;eur;
2018125;MERCREDI;17/10/2018;17/12/2018;33;13;7;2;41;1;2-7-13-33-41+1;0;8000000;2;100000;53;1000;730;500;2186;50;24967;20;25794;10;303076;5;289847;2,2;10;20000;R 5562 7881,K 9394 3432,A 2129 6670,V 0022 9726,B 7096 3655,H 9237 2066,I 4753 4328,Q 8282 8020,U 1970 9079,R 9381 7554;0 128 859;eur;
2018124;LUNDI   ;15/10/2018;15/12/2018;8;14;25;19;49;5;8-14-19-25-49+5;0;7000000;5;100000;66;1000;482;500;2316;50;17089;20;29542;10;222530;5;345717;2,2;10;20000;G 2170 4280,H 7697 1928,T 8864 7574,H 8663 0242,U 4204 1217,G 6227 5763,M 2100 4162,Q 1300 5134,K 6783 1699,S 7788 6792;2 472 541;eur;
2018123;SAMEDI  ;13/10/2018;13/12/2018;1;36;45;4;22;8;1-4-22-36-45+8;0;6000000;5;100000;53;1000;439;500;2412;50;21439;20;36886;10;329784;5;532318;2,2;10;20000;O 0326 4151,U 6936 0228,S 1962 5403,T 8258 4257,A 7103 1001,P 1823 2033,W 0300 6837,N 8065 3250,L 1860 7564,Q 3840 9609;5 558 780;eur;
2018122;MERCREDI;10/10/2018;10/12/2018;5;24;38;29;4;3;4-5-24-29-38+3;0;5000000;2;100000;34;1000;366;500;1852;50;17255;20;28879;10;258717;5;384480;2,2;10;20000;J 4078 1407,Q 7817 8862,N 7442 6451,L 8189 7521,O 4448 8920,Q 3615 7304,S 6922 6568,F 4531 6831,V 7163 4147,M 6772 9886;1 205 334;eur;
2018121;LUNDI   ;08/10/2018;08/12/2018;46;1;4;23;24;2;1-4-23-24-46+2;0;4000000;2;100000;25;1000;262;500;1160;50;13311;20;17422;10;196685;5;241696;2,2;10;20000;P 7832 7633,S 2666 0929,V 1221 9582,N 8954 7631,N 8131 7529,E 9858 7629,A 7406 4861,T 9845 5219,R 1537 7574,I 2243 2740;7 935 351;eur;
2018120;SAMEDI  ;06/10/2018;06/12/2018;49;39;8;48;1;9;1-8-39-48-49+9;0;3000000;0;100000;37;1000;415;500;2211;50;20138;20;33092;10;301656;5;478609;2,2;10;20000;I 3824 1689,C 6995 4442,Q 7671 5090,C 3573 3456,L 8590 3310,P 4445 7153,F 2027 3790,B 6612 8746,T 6613 3775,C 8787 2493;8 904 059;eur;
2018119;MERCREDI;03/10/2018;03/12/2018;31;24;11;20;32;8;11-20-24-31-32+8;0;2000000;1;100000;43;1000;311;500;1849;50;15590;20;26490;10;230520;5;355128;2,2;10;20000;L 8242 6516,I 6636 9312,J 4002 2424,I 1030 0336,A 9943 0817,Q 6967 5694,K 1691 5906,L 2706 4386,P 2174 9277,S 5690 1173;0 192 612;eur;
2018118;LUNDI   ;01/10/2018;01/12/2018;6;1;40;7;2;4;1-2-6-7-40+4;1;2000000;0;100000;33;1000;359;500;1440;50;15110;20;21002;10;205973;5;257777;2,2;10;20000;L 9270 5180,I 5144 4399,A 3098 6600,A 8474 9894,P 5432 1783,O 6805 5428,F 6163 0071,H 1662 0850,E 9717 3772,A 9981 5562;9 042 400;eur;
2018117;SAMEDI  ;29/09/2018;29/11/2018;31;7;15;10;17;4;7-10-15-17-31+4;1;4000000;4;100000;75;1000;945;500;3614;50;34152;20;43027;10;407874;5;468272;2,2;10;20000;V 3110 2465,O 2379 3760,I 2421 0350,G 0041 8158,P 8079 7616,U 5208 5475,H 9560 8326,Q 1493 8117,O 4772 9276,D 2798 1535;7 006 129;eur;
2018116;MERCREDI;26/09/2018;26/11/2018;40;18;15;36;10;3;10-15-18-36-40+3;0;3000000;0;100000;40;1000;298;500;1564;50;14438;20;24499;10;216011;5;351288;2,2;10;20000;T 8218 8910,M 0020 3857,W 0257 1705,J 3594 6603,Q 1011 1745,E 0066 6721,G 6428 7164,B 5789 3530,F 7884 9332,J 3414 9284;5 603 197;eur;
2018115;LUNDI   ;24/09/2018;24/11/2018;12;30;17;8;6;3;6-8-12-17-30+3;0;2000000;7;100000;80;1000;654;500;2573;50;21128;20;26783;10;227822;5;261240;2,2;10;20000;D 7853 6560,V 0996 3162,I 2886 2886,T 8003 2054,Q 1519 7806,F 1966 0042,H 9893 7811,O 1069 5287,P 5266 3506,H 2319 2231;9 878 922;eur;
2018114;SAMEDI  ;22/09/2018;22/11/2018;14;37;39;18;38;9;14-18-37-38-39+9;1;4000000;4;100000;33;1000;375;500;2016;50;17941;20;30283;10;268486;5;479735;2,2;10;20000;M 3448 7807,G 7020 3577,L 4879 1992,A 4183 1344,N 1126 8412,P 9556 1039,N 7010 8792,C 8668 2905,F 5406 8889,O 0718 9287;8 559 256;eur;
2018113;MERCREDI;19/09/2018;19/11/2018;15;42;4;27;25;5;4-15-25-27-42+5;0;3000000;2;100000;49;1000;383;500;2205;50;16765;20;30702;10;232854;5;389459;2,2;10;20000;L 3372 7843,E 8523 1881,S 5316 5420,J 0545 7071,B 4812 6546,B 4862 5593,J 7599 6069,D 9511 0475,K 4020 7572,C 7046 5791;1 844 034;eur;
2018112;LUNDI   ;17/09/2018;17/11/2018;43;42;8;15;26;5;8-15-26-42-43+5;0;2000000;0;100000;36;1000;224;500;1361;50;11043;20;21542;10;167809;5;308583;2,2;10;20000;L 1696 8474,B 9529 7466,V 7058 7564,P 1552 5112,R 7314 0656,L 0510 1458,L 9207 9881,V 0963 6843,E 1934 0233,K 0795 3957;1 344 507;eur;
2018111;SAMEDI  ;15/09/2018;15/11/2018;11;26;1;46;13;5;1-11-13-26-46+5;1;2000000;2;100000;89;1000;706;500;3559;50;28277;20;46902;10;363045;5;530992;2,2;10;20000;M 9679 4552,B 7895 6822,A 6768 0495,K 2442 9240,S 9569 3846,G 2930 6729,H 9722 4759,B 9948 3354,J 7788 0472,C 2351 3699;2 892 232;eur;
2018110;MERCREDI;12/09/2018;12/11/2018;11;33;24;35;4;9;4-11-24-33-35+9;0;9000000;3;100000;45;1000;402;500;1900;50;17548;20;27870;10;252461;5;377986;2,2;10;20000;K 1992 5649,C 4235 6779,C 3249 2384,O 7784 0426,P 1757 6452,C 4506 7778,V 4772 0178,N 5589 8652,N 1310 1345,H 6994 5244;3 348 551;eur;
2018109;LUNDI   ;10/09/2018;10/11/2018;27;20;19;46;38;10;19-20-27-38-46+10;0;8000000;1;100000;20;1000;296;500;1142;50;12710;20;16057;10;190458;5;230679;2,2;10;20000;H 0385 8340,Q 7120 3771,F 5964 0460,Q 2897 0874,G 8502 0601,T 3190 7109,L 4159 8159,U 2187 9084,I 8868 5387,K 2422 7827;2 033 652;eur;
2018108;SAMEDI  ;08/09/2018;08/11/2018;6;19;22;34;20;10;6-19-20-22-34+10;0;7000000;4;100000;48;1000;556;500;1995;50;25287;20;30141;10;362494;5;390389;2,2;10;20000;J 7638 0395,M 6249 4903,F 3869 0425,B 0135 7591,S 2397 9262,N 1165 1112,J 4124 9915,K 3997 7036,M 8817 0370,Q 8571 5788;1 957 520;eur;
2018107;MERCREDI;05/09/2018;05/11/2018;7;39;34;6;15;1;6-7-15-34-39+1;0;6000000;0;100000;19;1000;213;500;1243;50;14682;20;20469;10;246573;5;276679;2,2;10;20000;H 7735 2044,G 7821 3734,L 6651 4560,U 7630 7939,M 0121 0215,S 7059 4430,C 1033 7375,A 5870 3500,T 2783 7018,C 5447 8464;5 206 774;eur;
2018106;LUNDI   ;03/09/2018;03/11/2018;18;2;15;1;41;10;1-2-15-18-41+10;0;5000000;1;100000;24;1000;225;500;1133;50;12764;20;17009;10;197855;5;217450;2,2;10;20000;G 5429 1151,H 4379 6083,D 9865 0113,R 9313 4948,S 6660 0967,L 8589 8571,W 0180 9984,R 5092 4996,C 0007 8888,F 1898 9600;2 464 208;eur;
2018105;SAMEDI  ;01/09/2018;01/11/2018;32;35;11;41;42;6;11-32-35-41-42+6;0;4000000;2;100000;31;1000;293;500;1729;50;16257;20;27830;10;260008;5;450464;2,2;10;20000;N 8726 2189,C 2458 9230,H 7201 9336,J 1965 9605,S 2212 3014,I 4681 9421,N 8547 3353,G 8578 8684,T 4295 6364,C 6041 7893;9 197 169;eur;
2018104;MERCREDI;29/08/2018;29/10/2018;17;45;19;40;31;1;17-19-31-40-45+1;0;3000000;2;100000;16;1000;328;500;1156;50;13761;20;17688;10;216421;5;266932;2,2;10;20000;U 8698 6931,B 1301 3634,A 6082 4147,U 9446 5334,L 6570 6244,K 7277 3682,L 2963 8377,T 5238 9229,Q 6258 8232,I 5642 7921;3 815 198;eur;
2018103;LUNDI   ;27/08/2018;27/10/2018;40;17;24;18;10;2;10-17-18-24-40+2;0;2000000;1;100000;16;1000;310;500;1291;50;14070;20;17952;10;201186;5;224166;2,2;10;20000;C 9085 4410,B 8301 3083,S 7292 0396,Q 8736 8220,L 4616 9728,W 0164 0844,S 6216 9480,S 0661 7479,G 4296 0026,I 0886 0870;1 187 326;eur;
2018102;SAMEDI  ;25/08/2018;25/10/2018;29;6;15;44;16;3;6-15-16-29-44+3;1;2000000;0;100000;57;1000;521;500;2571;50;22477;20;36085;10;318376;5;482064;2,2;10;20000;J 9050 5401,F 7696 5050,I 3918 4574,B 1116 6627,T 0456 5552,E 0893 6520,L 6572 8527,S 3890 0518,P 2219 1432,H 9628 7080;3 285 934;eur;
2018101;MERCREDI;22/08/2018;22/10/2018;16;42;12;6;40;3;6-12-16-40-42+3;1;5000000;1;100000;35;1000;337;500;1876;50;17008;20;27983;10;246564;5;365643;2,2;10;20000;A 7275 6702,T 0794 3409,O 9366 7393,E 9166 7322,Q 9187 4841,I 2275 6003,S 7649 4536,B 7246 5506,L 8601 5357,Q 1127 7456;7 213 794;eur;
2018100;LUNDI   ;20/08/2018;20/10/2018;15;48;42;18;40;10;15-18-40-42-48+10;0;4000000;1;100000;10;1000;181;500;928;50;10383;20;14123;10;159925;5;213059;2,2;10;20000;U 6798 8878,Q 8750 1596,O 2524 9604,J 3770 3951,S 7688 2645,S 0046 0631,T 0489 5017,H 7720 9441,U 3820 5027,C 0618 2905;4 417 229;eur;
2018099;SAMEDI  ;18/08/2018;18/10/2018;33;37;31;16;49;8;16-31-33-37-49+8;0;3000000;1;100000;38;1000;319;500;1843;50;17187;20;28990;10;254949;5;478653;2,2;10;20000;M 2130 1775,K 6836 6906,K 7960 0633,I 7196 6341,N 2341 2905,B 7789 6719,Q 4300 2229,J 4236 0125,K 0871 0712,C 4570 2951;3 511 402;eur;
2018098;MERCREDI;15/08/2018;15/10/2018;40;21;47;27;6;8;6-21-27-40-47+8;0;2000000;0;100000;27;1000;251;500;1302;50;12099;20;21094;10;189867;5;317624;2,2;10;20000;S 0570 6984,B 6257 1574,G 6903 4580,C 8344 1523,B 2522 6300,K 9566 1505,V 2911 8752,F 6280 4241,N 4438 6941,S 1973 1871;8 754 361;eur;
2018097;LUNDI   ;13/08/2018;13/10/2018;10;19;21;2;40;6;2-10-19-21-40+6;1;11000000;5;100000;47;1000;427;500;1799;50;17664;20;23487;10;231546;5;291876;2,2;10;20000;C 3177 3674,O 2691 5897,Q 8207 6544,J 1153 9704,L 2624 4305,R 5414 3270,T 9827 3980,O 2847 2578,L 7731 3240,B 4481 7682;5 226 825;eur;
2018096;SAMEDI  ;11/08/2018;11/10/2018;41;27;44;46;14;5;14-27-41-44-46+5;0;10000000;2;100000;50;1000;441;500;2516;50;19996;20;37824;10;296813;5;612646;2,2;10;20000;Q 3111 3334,C 9253 2055,A 9351 6824,M 8142 1428,O 2541 9955,N 8286 5145,O 2416 5101,C 5365 3799,C 6967 2767,K 7117 3597;0 909 494;eur;
2018095;MERCREDI;08/08/2018;08/10/2018;5;19;29;15;24;8;5-15-19-24-29+8;0;9000000;3;100000;80;1000;720;500;2865;50;25622;20;35115;10;300901;5;388077;2,2;10;20000;O 1550 8877,A 4551 5950,J 2591 1209,P 8349 2268,H 2353 1902,V 5408 5852,I 7183 7416,S 4183 2433,Q 0195 8975,P 2673 2594;9 392 844;eur;
2018094;LUNDI   ;06/08/2018;06/10/2018;30;4;37;32;23;6;4-23-30-32-37+6;0;8000000;0;100000;23;1000;194;500;1133;50;11062;20;18477;10;173662;5;276098;2,2;10;20000;I 5216 9337,S 5883 1768,W 0088 0829,A 9923 4550,G 1981 1338,S 5738 2652,K 2013 7312,F 4040 0483,S 3981 0931,P 0316 5524;6 238 337;eur;
2018093;SAMEDI  ;04/08/2018;04/10/2018;41;23;9;32;38;3;9-23-32-38-41+3;0;7000000;4;100000;67;1000;466;500;2332;50;20721;20;33666;10;290638;5;505671;2,2;10;20000;J 0006 2259,L 2547 3711,Q 2878 1404,L 1770 8629,S 7024 3350,G 3878 4056,H 8207 9818,B 0892 6202,A 2172 1986,R 7694 8791;2 552 739;eur;
2018092;MERCREDI;01/08/2018;01/10/2018;47;15;45;35;17;4;15-17-35-45-47+4;0;6000000;0;100000;35;1000;284;500;1381;50;13267;20;21676;10;203841;5;355016;2,2;10;20000;O 0375 7185,W 0073 5530,E 3405 0827,Q 2194 6447,U 6437 5983,E 8434 9090,K 2415 4754,V 8027 9402,V 8022 9590,B 4044 3330;0 322 515;eur;
2018091;LUNDI   ;30/07/2018;29/09/2018;33;7;13;41;43;2;7-13-33-41-43+2;0;5000000;2;100000;32;1000;501;500;1377;50;18314;20;17652;10;209468;5;240752;2,2;10;20000;K 4721 5384,I 4042 9972,H 3179 2746,R 2599 1226,P 6899 2689,G 3429 7357,M 3766 9916,F 5462 8699,B 3694 4690,C 0012 0220;8 733 691;eur;
2018090;SAMEDI  ;28/07/2018;27/09/2018;7;23;13;18;21;10;7-13-18-21-23+10;0;4000000;10;100000;112;1000;1409;500;3207;50;43734;20;36023;10;457334;5;364856;2,2;10;20000;H 7520 9332,B 8174 3151,D 3332 5080,Q 5173 1872,M 1605 8261,S 9010 0000,B 0749 0576,W 0059 7176,A 8813 3065,S 6366 0160;0 040 696;eur;
2018089;MERCREDI;25/07/2018;24/09/2018;35;27;22;20;30;3;20-22-27-30-35+3;0;3000000;0;100000;45;1000;259;500;1661;50;14124;20;25536;10;220160;5;349995;2,2;10;20000;M 7611 0702,H 4673 7585,T 7440 8904,S 2643 2330,M 9540 6053,U 0251 4366,Q 4586 7725,S 5217 6990,J 1930 9814,M 2980 0960;9 242 089;eur;
2018088;LUNDI   ;23/07/2018;22/09/2018;7;20;41;40;11;6;7-11-20-40-41+6;0;2000000;0;100000;46;1000;280;500;1254;50;13278;20;19635;10;193575;5;257102;2,2;10;20000;R 7083 9216,F 6923 7034,L 1538 0747,H 6165 5302,B 0889 4025,A 1058 1074,F 4850 9259,A 5382 4353,E 9278 8418,O 0454 4851;9 170 152;eur;
2018087;SAMEDI  ;21/07/2018;20/09/2018;44;18;9;28;1;10;1-9-18-28-44+10;2;8500000;5;100000;94;1000;831;500;2839;50;33147;20;37999;10;442238;5;448518;2,2;10;20000;F 7069 4873,E 2769 8375,K 2611 6179,Q 7763 3347,E 0297 7859,O 4310 3656,L 7982 8955,K 5402 9685,G 2252 0807,J 3673 5319;5 431 544;eur;
2018086;MERCREDI;18/07/2018;17/09/2018;18;26;27;43;35;7;18-26-27-35-43+7;0;16000000;3;100000;71;1000;514;500;3030;50;18607;20;43494;10;255863;5;640461;2,2;10;20000;F 3797 3715,Q 1913 4391,J 8463 7445,N 5586 1963,H 3600 0183,O 6673 7779,V 0984 3975,C 0707 6913,L 1422 4745,D 1430 5913;6 282 766;eur;
2018085;LUNDI   ;16/07/2018;15/09/2018;36;31;9;16;3;1;3-9-16-31-36+1;0;15000000;2;100000;38;1000;368;500;1490;50;16824;20;20004;10;235532;5;253647;2,2;10;20000;T 6707 3179,Q 0041 2460,M 6819 0957,R 2727 5538,O 1035 3733,K 4254 7944,U 4808 6739,U 5014 7368,P 5273 6285,Q 2109 2122;4 159 786;eur;
2018084;SAMEDI  ;14/07/2018;13/09/2018;47;37;45;3;20;3;3-20-37-45-47+3;0;14000000;3;100000;37;1000;294;500;2028;50;16434;20;32647;10;267677;5;496656;2,2;10;20000;V 9992 6565,J 9556 9287,H 5097 0615,Q 6592 5704,P 7876 5413,U 1289 0455,S 1706 1313,T 7796 1272,V 4763 0405,V 4620 2123;4 452 382;eur;
2018083;MERCREDI;11/07/2018;10/09/2018;11;46;1;22;42;4;1-11-22-42-46+4;0;8000000;1;100000;45;1000;416;500;1969;50;17856;20;26372;10;245848;5;340005;2,2;10;20000;B 8693 2074,A 5864 5844,Q 0367 5588,F 9725 4428,Q 4396 7350,L 8733 9554,Q 1491 8002,C 1395 5443,U 7742 9553,V 9976 9716;6 672 041;eur;
2018082;LUNDI   ;09/07/2018;08/09/2018;9;21;19;36;40;1;9-19-21-36-40+1;0;7000000;2;100000;26;1000;270;500;1061;50;12655;20;15800;10;189421;5;216891;2,2;10;20000;H 3813 0403,N 4298 8326,N 9840 2079,S 3048 6065,P 8603 5879,P 1330 1834,G 5763 5085,B 8917 7764,V 8146 7148,H 2840 7229;3 329 154;eur;
2018081;SAMEDI  ;07/07/2018;06/09/2018;41;3;34;11;10;10;3-10-11-34-41+10;0;6000000;0;100000;49;1000;399;500;1856;50;21961;20;28345;10;334295;5;364005;2,2;10;20000;K 1747 4415,V 0246 3041,V 2488 8780,I 0527 3711,U 8237 9295,P 3462 5865,J 7944 2737,A 2783 7889,V 1123 4497,I 3226 4813;2 412 557;eur;
2018080;MERCREDI;04/07/2018;03/09/2018;41;23;16;20;45;5;16-20-23-41-45+5;0;5000000;1;100000;42;1000;276;500;1821;50;13304;20;27910;10;207093;5;402200;2,2;10;20000;O 8849 0478,U 4176 1783,G 4781 4324,M 2521 2919,U 7763 0271,T 2325 8884,Q 3262 1831,M 5842 4331,S 4456 6888,C 1299 9143;3 490 331;eur;
2018079;LUNDI   ;02/07/2018;01/09/2018;48;38;36;45;16;8;16-36-38-45-48+8;0;4000000;1;100000;32;1000;382;500;1081;50;9377;20;15932;10;135106;5;275238;2,2;10;20000;G 3417 0364,F 8209 0286,N 2897 5881,Q 1530 7800,C 0285 1166,T 9211 9308,T 3677 4416,F 7090 3695,Q 2850 7593,G 0743 0109;4 609 058;eur;
2018078;SAMEDI  ;30/06/2018;30/08/2018;5;36;23;29;45;7;5-23-29-36-45+7;0;3000000;0;100000;83;1000;459;500;3369;50;19194;20;49051;10;276597;5;693777;2,2;10;20000;V 1124 8738,B 3612 9030,S 5236 2748,B 8459 4722,L 6048 8609,C 6066 0161,M 5628 2077,Q 0435 2412,E 7885 4873,T 8334 3926;7 357 203;eur;
2018077;MERCREDI;27/06/2018;27/08/2018;26;11;9;41;8;10;8-9-11-26-41+10;0;2000000;3;100000;29;1000;427;500;1470;50;19565;20;19593;10;263771;5;233403;2,2;10;20000;A 5000 5665,Q 1699 1951,J 4816 1145,V 6385 1058,C 1851 4676,R 9074 4987,V 1207 7203,F 4728 0487,U 1183 2750,P 3850 5055;0 947 708;eur;
2018076;LUNDI   ;25/06/2018;25/08/2018;14;9;21;13;32;5;9-13-14-21-32+5;2;2000000;4;100000;45;1000;331;500;2012;50;14765;20;27348;10;201699;5;309799;2,2;10;20000;U 5683 6893,L 5371 4975,G 0497 3414,I 4057 2199,P 8411 5026,C 3059 9638,T 0465 5182,S 8886 4009,V 2632 1798,A 4851 3056;9 279 938;eur;
2018075;SAMEDI  ;23/06/2018;23/08/2018;41;32;49;10;36;10;10-32-36-41-49+10;0;3000000;3;100000;36;1000;300;500;1497;50;14917;20;22989;10;244515;5;349798;2,2;10;20000;E 5394 5340,F 4150 0950,M 9546 2568,O 2384 0195,M 4722 4701,E 4591 3965,J 5973 1040,M 5811 0860,J 0487 0790,L 3691 9927;0 079 612;eur;
2018074;MERCREDI;20/06/2018;20/08/2018;43;33;8;30;6;3;6-8-30-33-43+3;0;2000000;3;100000;41;1000;254;500;1745;50;13580;20;25921;10;214135;5;354721;2,2;10;20000;K 2429 5307,H 4314 6729,J 8495 4089,K 8408 4105,V 9916 9121,O 0384 3430,K 2104 3448,F 7813 2430,N 9565 2162,B 4598 1345;0 986 874;eur;
2018073;LUNDI   ;18/06/2018;18/08/2018;34;2;7;13;44;8;2-7-13-34-44+8;1;2000000;0;100000;45;1000;320;500;1601;50;15260;20;22193;10;200832;5;266625;2,2;10;20000;C 5624 1895,O 4770 4925,Q 3270 4093,U 0914 1410,A 2098 8385,K 1384 1380,I 0406 7531,L 5759 8160,A 5600 6766,F 7263 3717;4 598 059;eur;
2018072;SAMEDI  ;16/06/2018;16/08/2018;35;17;8;43;19;9;8-17-19-35-43+9;1;4000000;3;100000;66;1000;492;500;2398;50;22581;20;34636;10;325152;5;471733;2,2;10;20000;K 9363 6570,H 4980 8799,B 1731 7877,M 3149 5754,Q 4495 2046,M 2771 4610,N 3237 1016,L 2490 4570,H 9695 6144,C 4431 2102;2 296 690;eur;
2018071;MERCREDI;13/06/2018;13/08/2018;20;48;15;29;49;1;15-20-29-48-49+1;0;3000000;2;100000;37;1000;336;500;1243;50;14725;20;19656;10;224779;5;272675;2,2;10;20000;F 3509 3843,H 3246 8091,K 0462 7518,Q 9129 5988,Q 9121 0153,F 5435 0383,U 2987 0793,H 8918 5696,O 2460 4530,B 8255 2475;7 877 021;eur;
2018070;LUNDI   ;11/06/2018;11/08/2018;44;41;49;25;14;4;14-25-41-44-49+4;0;2000000;0;100000;22;1000;211;500;1192;50;10447;20;17472;10;159650;5;269034;2,2;10;20000;N 1399 8522,F 1399 8888,F 5213 0319,G 0189 0103,N 3623 9410,H 4166 2735,G 7455 7373,S 7905 1147,P 0042 9519,N 2565 5467;9 363 287;eur;
2018069;SAMEDI  ;09/06/2018;09/08/2018;7;16;5;9;12;10;5-7-9-12-16+10;1;5000000;23;100000;153;1000;2297;500;4069;50;54833;20;39186;10;513378;5;369535;2,2;10;20000;I 6602 9701,E 3320 2133,D 1177 8774,U 9581 9219,F 4253 0600,C 5317 9648,D 5441 5510,F 5251 0999,Q 4023 5754,C 3077 8673;4 207 414;eur;
2018068;MERCREDI;06/06/2018;06/08/2018;43;5;33;6;47;2;5-6-33-43-47+2;0;4000000;0;100000;14;1000;248;500;1247;50;13859;20;20028;10;230807;5;294579;2,2;10;20000;O 4603 6321,H 5348 0934,A 9383 4296,S 1715 7984,F 9314 8199,L 3606 0665,Q 6321 8310,R 2018 5556,G 7233 2411,L 5603 9227;6 115 507;eur;
2018067;LUNDI   ;04/06/2018;04/08/2018;8;38;48;16;35;2;8-16-35-38-48+2;0;3000000;1;100000;20;1000;223;500;959;50;10534;20;14903;10;160149;5;230022;2,2;10;20000;A 4843 3856,R 6044 1028,A 1274 5584,K 7437 8133,U 5951 2121,S 6764 1469,K 6057 7862,B 4477 7943,B 4113 8342,T 0805 1842;3 904 418;eur;
2018066;SAMEDI  ;02/06/2018;02/08/2018;18;13;31;7;35;4;7-13-18-31-35+4;0;2000000;3;100000;73;1000;669;500;3023;50;28322;20;41040;10;372552;5;470650;2,2;10;20000;K 9724 9410,C 0113 9176,U 5742 1476,K 1346 5915,D 7786 8069,B 1534 2319,F 2543 2898,O 5849 9145,R 2273 7701,G 3436 7604;0 216 114;eur;
2018065;MERCREDI;30/05/2018;30/07/2018;4;44;41;36;33;6;4-33-36-41-44+6;1;12000000;1;100000;33;1000;289;500;1484;50;14082;20;22353;10;219122;5;385002;2,2;10;20000;H 9693 2239,H 7663 8319,O 9245 6483,M 7918 9677,F 3432 7506,T 1030 8575,K 1122 9062,H 4929 8467,M 7177 7829,N 8408 9889;6 083 860;eur;
2018064;LUNDI   ;28/05/2018;28/07/2018;35;10;25;21;23;10;10-21-23-25-35+10;0;11000000;0;100000;32;1000;334;500;1393;50;15954;20;18550;10;223393;5;235323;2,2;10;20000;D 5275 0826,F 2008 9622,P 8617 0802,V 1520 5792,C 5684 2376,O 2976 9048,E 4958 0646,L 8291 3452,J 1849 1542,V 9812 9084;9 145 726;eur;
2018063;SAMEDI  ;26/05/2018;26/07/2018;26;24;2;43;3;8;2-3-24-26-43+8;0;10000000;0;100000;54;1000;500;500;2882;50;25093;20;44908;10;394583;5;600576;2,2;10;20000;J 9393 1430,L 5311 9798,L 2286 0482,U 6657 2492,K 7592 9645,T 3035 7612,H 1480 5109,G 5468 9197,B 5984 5953,H 1695 3555;7 474 710;eur;
2018062;MERCREDI;23/05/2018;23/07/2018;14;29;3;36;25;9;3-14-25-29-36+9;0;8000000;0;100000;46;1000;475;500;1785;50;16695;20;25340;10;242275;5;348790;2,2;10;20000;J 7263 9973,E 0185 8356,S 2741 3678,A 8326 2864,P 6053 8542,Q 8991 3839,K 9936 2251,O 0797 4349,E 5397 9457,J 3097 2740;7 960 400;eur;
2018061;LUNDI   ;21/05/2018;21/07/2018;20;4;46;16;5;5;4-5-16-20-46+5;0;7000000;3;100000;47;1000;261;500;1858;50;12893;20;24055;10;173951;5;290738;2,2;10;20000;V 9810 5378,S 3150 9971,Q 5776 8676,J 8440 7034,L 7103 3592,V 8154 4833,R 4784 4115,O 8053 2732,R 4905 2240,N 9399 4179;4 687 804;eur;
2018060;SAMEDI  ;19/05/2018;19/07/2018;5;47;30;45;12;9;5-12-30-45-47+9;0;6000000;4;100000;59;1000;530;500;2749;50;24370;20;37826;10;343514;5;472242;2,2;10;20000;C 4460 3371,G 3628 4807,E 4736 3681,J 4466 1976,M 5044 2549,F 2806 4060,T 7312 8858,D 7168 5601,S 2446 0146,T 3868 2433;5 876 114;eur;
2018059;MERCREDI;16/05/2018;16/07/2018;44;37;7;23;41;8;7-23-37-41-44+8;0;5000000;4;100000;44;1000;419;500;1734;50;15692;20;24372;10;225315;5;355978;2,2;10;20000;J 6361 5979,M 3060 6112,M 4836 8825,E 4845 0949,F 8681 0693,P 0253 5070,E 0192 9263,N 4546 5972,V 0969 5386,V 9791 3459;4 767 902;eur;
2018058;LUNDI   ;14/05/2018;14/07/2018;40;33;23;1;5;8;1-5-23-33-40+8;0;4000000;2;100000;37;1000;270;500;1327;50;12963;20;20831;10;191599;5;278388;2,2;10;20000;N 3658 0731,C 2561 1589,D 9192 2484,C 5821 5164,H 1119 2974,S 1073 9932,E 8560 0989,A 4547 5386,C 4281 7778,K 8193 1669;7 737 110;eur;
2018057;SAMEDI  ;12/05/2018;12/07/2018;6;23;9;47;5;10;5-6-9-23-47+10;0;3000000;9;100000;46;1000;682;500;2308;50;30713;20;30869;10;387626;5;344162;2,2;10;20000;V 3964 6182,G 0212 6111,K 5482 1328,O 2359 1234,F 7425 0628,U 7549 0729,G 4964 8842,S 5981 4552,Q 6333 7277,G 7816 9132;1 613 056;eur;
2018056;MERCREDI;09/05/2018;09/07/2018;10;23;35;34;5;6;5-10-23-34-35+6;0;2000000;2;100000;36;1000;267;500;1599;50;15877;20;22715;10;232481;5;307046;2,2;10;20000;U 8836 2832,S 2857 3361,R 9840 6015,R 3924 1944,L 6936 0245,I 4757 7098,I 1189 9302,J 9276 3068,M 3694 5677,J 7256 0805;2 601 006;eur;
2018055;LUNDI   ;07/05/2018;07/07/2018;43;13;10;23;46;6;10-13-23-43-46+6;1;2000000;1;100000;38;1000;338;500;1504;50;14179;20;19873;10;195522;5;252185;2,2;10;20000;R 3137 6987,F 0845 8185,K 3580 0934,E 7390 9799,S 6123 3135,C 2713 4404,V 9771 4471,Q 6931 7500,A 8195 8752,N 4862 9511;4 156 001;eur;
2018054;SAMEDI  ;05/05/2018;05/07/2018;9;30;47;41;15;5;9-15-30-41-47+5;1;2000000;0;100000;45;1000;396;500;2368;50;18674;20;38076;10;290494;5;555760;2,2;10;20000;A 8183 2668,V 3391 6722,N 3379 2757,R 7410 9836,O 2958 5092,H 3061 3892,A 2572 9495,H 5930 3846,E 1576 8902,F 6366 1417;9 881 262;eur;
2018053;MERCREDI;02/05/2018;02/07/2018;8;1;14;10;21;10;1-8-10-14-21+10;2;4500000;3;100000;57;1000;900;500;2321;50;28678;20;25738;10;317928;5;265235;2,2;10;20000;V 0593 5402,P 4759 4068,A 7101 0235,B 2427 2697,J 2034 1320,H 1730 2866,T 5312 0880,E 9739 5340,S 8164 6315,D 5269 4606;3 719 127;eur;
2018052;LUNDI   ;30/04/2018;30/06/2018;43;48;49;36;7;7;7-36-43-48-49+7;0;8000000;1;100000;46;1000;193;500;2048;50;11397;20;31011;10;170450;5;460886;2,2;10;20000;N 4387 9756,D 3647 6395,J 7285 4225,Q 0553 6573,M 2070 1492,M 2353 4866,R 3332 7695,E 7823 6091,B 9519 2486,L 1505 7069;9 780 714;eur;
2018051;SAMEDI  ;28/04/2018;28/06/2018;36;14;40;31;47;2;14-31-36-40-47+2;0;7000000;0;100000;41;1000;307;500;1614;50;16542;20;24571;10;267892;5;430687;2,2;10;20000;H 1007 2568,M 1392 1777,G 8119 8896,H 2386 6876,D 9819 7997,D 1569 0642,C 9416 2627,G 9307 7092,S 1967 1496,T 7105 6211;1 224 572;eur;
2018050;MERCREDI;25/04/2018;25/06/2018;21;23;5;10;36;1;5-10-21-23-36+1;0;6000000;2;100000;37;1000;462;500;1731;50;20618;20;22658;10;276778;5;278099;2,2;10;20000;L 0123 1105,O 3010 7217,R 3232 9583,P 6950 8229,Q 6036 4557,V 8206 9723,N 8420 1274,U 7788 8953,G 0624 6000,O 0896 3322;4 431 995;eur;
2018049;LUNDI   ;23/04/2018;23/06/2018;2;33;20;29;32;8;2-20-29-32-33+8;0;5000000;0;100000;17;1000;187;500;1081;50;9382;20;18010;10;163561;5;279943;2,2;10;20000;I 5863 4625,A 1439 2516,H 9744 1189,C 2717 6429,L 5451 2663,M 7144 2051,H 1363 9638,D 2215 0075,E 3212 4443,F 1385 6658;3 152 451;eur;
2018048;SAMEDI  ;21/04/2018;21/06/2018;26;20;2;11;39;5;2-11-20-26-39+5;0;4000000;2;100000;68;1000;578;500;3280;50;25100;20;43285;10;335459;5;549174;2,2;10;20000;D 5825 0716,P 6694 1216,P 3200 5957,K 9587 2064,C 9279 3806,R 7784 7669,F 0748 1071,V 9714 0094,N 6425 3701,B 8102 1320;8 361 186;eur;
2018047;MERCREDI;18/04/2018;18/06/2018;18;11;38;17;46;8;11-17-18-38-46+8;0;3000000;0;100000;29;1000;290;500;1613;50;14506;20;26460;10;229434;5;349851;2,2;10;20000;T 4941 2402,Q 3957 1298,G 0531 2950,D 8071 7381,O 8852 2081,J 8866 8645,H 5328 9380,M 4087 2322,K 3945 2676,L 2929 3661;9 931 510;eur;
2018046;LUNDI   ;16/04/2018;16/06/2018;16;25;6;21;26;5;6-16-21-25-26+5;0;2000000;2;100000;57;1000;441;500;2199;50;16400;20;27232;10;202235;5;319212;2,2;10;20000;J 8175 0584,S 0994 9939,C 7395 2676,Q 3819 0391,D 2759 0086,G 7889 7721,H 3664 0039,A 3588 1515,D 4211 0194,S 7685 9056;1 831 997;eur;
2018045;SAMEDI  ;14/04/2018;14/06/2018;24;5;49;36;1;7;1-5-24-36-49+7;1;14000000;3;100000;93;1000;623;500;4126;50;25046;20;58205;10;335267;5;764651;2,2;10;20000;O 2266 2940,B 7473 3932,E 8698 6064,R 7763 7759,J 1833 3281,V 9676 3370,N 7361 9210,C 3675 9788,U 5708 1067,F 6744 8389;7 015 124;eur;
2018044;MERCREDI;11/04/2018;11/06/2018;40;46;32;17;1;8;1-17-32-40-46+8;0;6000000;2;100000;30;1000;284;500;1314;50;11772;20;21560;10;193319;5;362730;2,2;10;20000;I 3252 3498,Q 2077 6507,C 8402 4709,L 2741 0500,G 8435 5242,Q 4609 1774,R 6408 3231,C 5022 4365,N 4638 4912,Q 4317 7326;1 183 013;eur;
2018043;LUNDI   ;09/04/2018;09/06/2018;1;32;20;28;42;6;1-20-28-32-42+6;0;5000000;1;100000;14;1000;220;500;1120;50;11221;20;17941;10;178725;5;264814;2,2;10;20000;O 7383 8177,B 3137 8051,P 8065 3180,N 0033 5977,B 3867 2470,V 9677 0650,Q 3899 0399,P 3623 2659,F 0796 2681,G 5503 7027;0 617 548;eur;
2018042;SAMEDI  ;07/04/2018;07/06/2018;26;34;10;45;7;7;7-10-26-34-45+7;0;4000000;3;100000;76;1000;443;500;4267;50;22350;20;61252;10;320869;5;739201;2,2;10;20000;U 7780 7400,B 9450 4728,F 3998 3970,S 4470 6747,A 4251 7999,A 5211 8994,N 1735 0497,Q 2062 5790,G 8394 1348,D 2356 7513;4 500 838;eur;
2018041;MERCREDI;04/04/2018;04/06/2018;19;40;22;45;36;6;19-22-36-40-45+6;0;3000000;2;100000;42;1000;320;500;1476;50;14112;20;22198;10;209808;5;330808;2,2;10;20000;O 0872 6760,K 9061 8087,T 6948 0912,Q 9181 4034,G 3288 4497,J 4693 1158,R 5877 1642,D 1810 7133,U 4090 5320,P 1562 4770;8 916 971;eur;
2018040;LUNDI   ;02/04/2018;02/06/2018;28;34;18;13;14;2;13-14-18-28-34+2;0;2000000;1;100000;27;1000;251;500;1016;50;12451;20;15496;10;179543;5;189103;2,2;10;20000;K 6359 6984,M 7102 2657,H 9396 2638,K 5715 9631,K 9159 6601,K 6971 2974,C 9611 6801,D 2048 4691,V 9657 4632,U 7287 4283;5 752 128;eur;
2018039;SAMEDI  ;31/03/2018;31/05/2018;42;2;41;18;31;8;2-18-31-41-42+8;1;4000000;3;100000;41;1000;362;500;2037;50;17728;20;33405;10;292210;5;513727;2,2;10;20000;E 0281 4590,F 6618 0639,N 1847 5637,H 3943 0764,T 3784 5579,M 6574 4055,T 1243 8886,E 9139 7722,T 7541 3153,S 1676 8068;3 232 786;eur;
2018038;MERCREDI;28/03/2018;28/05/2018;43;39;15;5;45;10;5-15-39-43-45+10;0;3000000;0;100000;20;1000;276;500;1129;50;13635;20;17163;10;206904;5;254991;2,2;10;20000;N 1346 5889,T 7324 6909,F 8288 3867,P 0336 0664,F 9863 3326,K 5235 5718,E 1798 0499,M 8583 3968,F 5521 3256,O 6134 7514;7 280 176;eur;
2018037;LUNDI   ;26/03/2018;26/05/2018;27;17;37;10;4;10;4-10-17-27-37+10;0;2000000;4;100000;39;1000;470;500;1270;50;17735;20;16528;10;212411;5;192510;2,2;10;20000;C 9658 1732,Q 9606 6808,C 7641 0624,L 2754 9831,V 5017 1684,C 0443 5785,E 2197 5417,E 2273 4597,P 7194 0407,L 7584 7870;0 091 974;eur;
2018036;SAMEDI  ;24/03/2018;24/05/2018;31;11;44;35;26;9;11-26-31-35-44+9;1;13000000;4;100000;55;1000;501;500;2563;50;24501;20;37794;10;354905;5;556483;2,2;10;20000;A 0342 1720,J 1395 9032,C 4713 9038,I 7023 2731,V 4906 0188,M 5199 9276,F 2465 4013,L 7668 9351,U 5944 1144,R 7858 9191;0 562 959;eur;
2018035;MERCREDI;21/03/2018;21/05/2018;31;45;21;30;29;2;21-29-30-31-45+2;0;12000000;0;100000;32;1000;299;500;1504;50;15626;20;22534;10;251911;5;346256;2,2;10;20000;P 4062 8762,V 9619 5018,R 6748 9644,D 1633 9388,M 2766 0370,H 2524 5688,D 3690 9587,G 8792 8356,K 6519 8671,K 3967 3385;0 286 664;eur;
2018034;LUNDI   ;19/03/2018;19/05/2018;20;15;27;46;24;10;15-20-24-27-46+10;0;11000000;3;100000;54;1000;493;500;1445;50;17645;20;18013;10;227399;5;240475;2,2;10;20000;M 7706 2731,J 7095 5799,Q 2071 5135,B 9369 7294,O 8453 8607,E 4616 5991,T 2030 6928,A 6805 5815,A 3542 0364,G 7261 0317;3 996 975;eur;
2018033;SAMEDI  ;17/03/2018;17/05/2018;48;43;36;30;13;9;13-30-36-43-48+9;0;10000000;2;100000;59;1000;465;500;2412;50;21034;20;35558;10;319457;5;537793;2,2;10;20000;G 5483 2214,R 2702 9214,C 8697 1002,F 3755 6330,C 4836 7253,G 0987 1503,D 7011 5067,F 7771 5156,J 9508 3593,P 0878 2633;6 816 400;eur;
2018032;MERCREDI;14/03/2018;14/05/2018;36;46;13;4;3;10;3-4-13-36-46+10;0;9000000;0;100000;32;1000;287;500;1369;50;16698;20;22482;10;274438;5;308845;2,2;10;20000;J 4616 5879,R 5000 4877,D 2477 5037,G 1872 7572,K 5096 1083,J 6188 1058,O 4252 7542,M 5366 7035,J 3970 4191,D 5561 0208;5 231 771;eur;
2018031;LUNDI   ;12/03/2018;12/05/2018;27;7;10;38;13;8;7-10-13-27-38+8;0;8000000;5;100000;65;1000;696;500;2552;50;24269;20;30754;10;274440;5;327414;2,2;10;20000;G 6953 7659,P 4040 9691,B 2752 2616,K 3816 3318,N 4738 6660,E 7178 1388,S 7622 2010,A 8776 2105,T 3330 6193,T 8556 3657;9 923 884;eur;
2018030;SAMEDI  ;10/03/2018;10/05/2018;5;47;23;21;18;6;5-18-21-23-47+6;0;7000000;5;100000;70;1000;609;500;2811;50;27580;20;38814;10;382713;5;493508;2,2;10;20000;L 8265 5542,T 3212 7851,Q 0411 5863,M 7587 8336,U 2083 0606,P 9722 5124,C 6046 9028,I 2999 3253,N 5146 0320,K 6147 9726;5 416 637;eur;
2018029;MERCREDI;07/03/2018;07/05/2018;13;6;18;36;37;5;6-13-18-36-37+5;0;6000000;1;100000;40;1000;364;500;2088;50;17400;20;32713;10;258748;5;445251;2,2;10;20000;S 5586 3078,C 1726 9564,D 6198 2184,S 5823 2515,U 0547 4092,C 8477 1418,V 5663 9807,O 8328 7807,T 0236 2244,S 4392 0076;3 123 027;eur;
2018028;LUNDI   ;05/03/2018;05/05/2018;44;38;25;17;41;9;17-25-38-41-44+9;0;5000000;2;100000;24;1000;256;500;1225;50;11703;20;17888;10;172475;5;282865;2,2;10;20000;M 7365 0279,O 8295 6116,J 0265 2369,F 4533 3294,A 5907 4427,V 9543 6531,L 1239 5484,J 1028 2890,V 9548 9616,Q 9758 5962;2 890 673;eur;
2018027;SAMEDI  ;03/03/2018;03/05/2018;3;4;8;2;31;9;2-3-4-8-31+9;0;4000000;4;100000;55;1000;722;500;3022;50;30467;20;38934;10;385410;5;483248;2,2;10;20000;Q 2914 2295,U 8296 8129,A 2286 1209,O 0070 5437,B 3802 6610,I 2786 2747,K 6889 9985,D 0849 0697,K 7666 7450,E 4537 2967;6 534 042;eur;
2018026;MERCREDI;28/02/2018;30/04/2018;42;5;49;31;28;7;5-28-31-42-49+7;0;3000000;2;100000;77;1000;347;500;2928;50;14998;20;39328;10;217488;5;549874;2,2;10;20000;E 0414 3325,S 8446 0014,A 2289 8779,E 2947 4290,J 1498 9089,Q 2579 9284,K 1465 1070,O 3955 0263,L 2468 2972,K 7096 9329;5 377 689;eur;
2018025;LUNDI   ;26/02/2018;28/04/2018;13;34;39;42;37;3;13-34-37-39-42+3;0;2000000;3;100000;34;1000;216;500;1331;50;11078;20;17702;10;153986;5;286479;2,2;10;20000;K 5843 2681,Q 5710 5829,D 7865 2580,R 7449 0375,R 7632 4247,S 6990 6471,F 5564 9978,O 8315 2892,F 3022 2257,O 8405 9069;3 014 806;eur;
2018024;SAMEDI  ;24/02/2018;26/04/2018;12;6;9;31;43;3;6-9-12-31-43+3;1;3000000;5;100000;93;1000;748;500;3942;50;31938;20;47919;10;400649;5;529629;2,2;10;20000;H 7899 6319,U 2921 8461,H 4530 4805,E 1167 2025,U 0946 6176,A 4920 2964,H 1791 7166,R 8313 2244,M 9882 8023,U 1122 4617;4 585 591;eur;
2018023;MERCREDI;21/02/2018;23/04/2018;12;41;2;28;16;1;2-12-16-28-41+1;0;2000000;0;100000;42;1000;502;500;1625;50;21113;20;22671;10;280747;5;280005;2,2;10;20000;Q 7866 2693,I 3680 4357,L 1251 4847,L 9401 5482,U 4321 5148,Q 6952 4231,O 7868 9409,N 5703 7033,D 3801 1526,L 2278 5651;4 894 883;eur;
2018022;LUNDI   ;19/02/2018;21/04/2018;32;9;8;29;28;2;8-9-28-29-32+2;1;12000000;1;100000;25;1000;370;500;1477;50;16182;20;23733;10;252437;5;299231;2,2;10;20000;T 4055 9141,V 9501 8112,I 0087 2213,N 8822 6025,F 7676 1073,M 5157 5958,U 9157 1911,P 0169 0513,N 2943 6371,M 2303 1818;6 791 332;eur;
2018021;SAMEDI  ;17/02/2018;19/04/2018;49;48;14;22;38;9;14-22-38-48-49+9;0;11000000;2;100000;56;1000;563;500;2858;50;24735;20;39273;10;359839;5;566312;2,2;10;20000;G 7573 3093,J 9817 0015,U 0512 5333,O 3594 8446,C 4812 3590,Q 3936 0699,M 8582 9916,T 6667 7035,D 6262 3630,V 6375 2716;3 464 264;eur;
2018020;MERCREDI;14/02/2018;16/04/2018;13;3;44;19;5;4;3-5-13-19-44+4;0;10000000;4;100000;81;1000;976;500;3923;50;40021;20;49067;10;473793;5;545526;2,2;10;20000;J 4752 8554,T 4845 5362,Q 4075 4161,O 6864 3110,F 1554 9563,J 1216 7601,J 9671 4258,S 1080 9111,L 9618 3105,J 7406 0251;0 094 132;eur;
2018019;LUNDI   ;12/02/2018;14/04/2018;27;35;48;3;32;9;3-27-32-35-48+9;0;5000000;1;100000;24;1000;205;500;1199;50;10846;20;19250;10;172095;5;300908;2,2;10;20000;U 8456 3560,V 5992 9447,P 7386 2472,Q 1204 2746,R 5746 2763,A 4826 4671,M 5047 5220,B 0172 3098,V 6626 0069,M 0295 3606;6 552 577;eur;
2018018;SAMEDI  ;10/02/2018;12/04/2018;19;31;2;40;42;5;2-19-31-40-42+5;0;4000000;2;100000;50;1000;448;500;2640;50;21107;20;40820;10;318269;5;600289;2,2;10;20000;H 9673 6133,O 1284 4820,R 7498 3128,O 0667 2903,T 0999 0504,N 8522 8213,K 5616 8458,K 1833 5602,F 3242 8983,Q 4211 6197;7 032 637;eur;
2018017;MERCREDI;07/02/2018;09/04/2018;44;13;17;48;33;3;13-17-33-44-48+3;0;3000000;1;100000;52;1000;443;500;2245;50;17883;20;29241;10;243451;5;380188;2,2;10;20000;V 8130 9327,D 0164 2502,P 6842 1669,E 4015 6585,M 7939 5337,U 5645 2921,K 8205 6088,V 3573 6088,G 4972 6244,N 8567 8902;8 773 936;eur;
2018016;LUNDI   ;05/02/2018;07/04/2018;7;29;1;30;45;7;1-7-29-30-45+7;0;2000000;2;100000;68;1000;295;500;2598;50;12947;20;37381;10;189966;5;427223;2,2;10;20000;L 0695 6939,V 6646 7126,S 0324 2343,H 4188 7803,H 2278 1245,G 9309 0862,J 4351 9521,F 4249 8292,C 1008 5869,S 4729 0202;9 481 512;eur;
2018015;SAMEDI  ;03/02/2018;05/04/2018;22;9;23;38;13;4;9-13-22-23-38+4;1;2000000;5;100000;68;1000;722;500;3535;50;32869;20;45005;10;410529;5;490667;2,2;10;20000;L 8146 8690,G 8028 6946,T 4797 7264,T 0090 3902,R 8609 7779,N 8649 4342,K 8719 1655,U 1343 9921,C 5099 6741,R 6409 0070;3 815 419;eur;
2018014;MERCREDI;31/01/2018;02/04/2018;29;26;16;4;49;1;4-16-26-29-49+1;1;5000000;4;100000;34;1000;488;500;1613;50;19975;20;22798;10;265763;5;291498;2,2;10;20000;M 9857 4994,L 3280 9776,C 3638 1130,G 2631 4990,F 8257 7892,Q 5553 4536,V 9427 9548,K 2798 3022,R 4358 9200,U 8146 0899;4 978 647;eur;
2018013;LUNDI   ;29/01/2018;31/03/2018;11;32;27;36;21;6;11-21-27-32-36+6;0;4000000;1;100000;16;1000;260;500;1396;50;11809;20;20253;10;183816;5;276081;2,2;10;20000;P 9007 8093,G 8826 0461,C 1932 8074,P 0700 4034,R 9591 6007,O 1730 1424,C 2612 3321,N 0577 6998,J 6880 3113,N 3734 1510;2 051 949;eur;
2018012;SAMEDI  ;27/01/2018;29/03/2018;45;10;9;34;39;10;9-10-34-39-45+10;0;3000000;0;100000;25;1000;353;500;1717;50;18215;20;26652;10;308616;5;377799;2,2;10;20000;T 5573 6532,T 7734 6435,O 8441 6104,J 7801 0306,V 7173 1838,V 1057 6319,D 1953 8834,T 2499 6673,V 5076 5066,R 9906 3166;2 154 064;eur;
2018011;MERCREDI;24/01/2018;26/03/2018;9;37;35;23;28;5;9-23-28-35-37+5;0;2000000;2;100000;34;1000;298;500;2030;50;14906;20;30477;10;221922;5;423051;2,2;10;20000;J 3816 5635,B 8284 1116,G 9584 6590,O 2233 9911,P 0602 1783,B 7409 6067,K 8546 2851,H 5179 6809,E 8710 1070,U 5716 9704;9 151 064;eur;
2018010;LUNDI   ;22/01/2018;24/03/2018;31;11;16;1;14;2;1-11-14-16-31+2;1;5000000;1;100000;41;1000;527;500;1656;50;18408;20;20359;10;231142;5;243970;2,2;10;20000;O 2029 7937,V 1797 6180,Q 2512 0087,R 3740 2100,N 1641 2356,I 7916 5375,D 3439 7729,T 9993 0981,N 8042 4777,V 2709 3593;3 658 313;eur;
2018009;SAMEDI  ;20/01/2018;22/03/2018;44;32;27;38;46;7;27-32-38-44-46+7;0;4000000;3;100000;65;1000;406;500;2786;50;17314;20;43013;10;254911;5;786928;2,2;10;20000;J 9510 3556,E 9460 2672,V 8170 5970,F 3959 5890,V 9396 6392,A 5667 7001,P 6713 7194,L 9824 6749,J 3621 6032,A 9519 8454;1 991 492;eur;
2018008;MERCREDI;17/01/2018;19/03/2018;16;25;40;49;4;3;4-16-25-40-49+3;0;3000000;1;100000;34;1000;350;500;1620;50;15417;20;24844;10;231019;5;380918;2,2;10;20000;U 3932 2922,O 6358 2675,O 4471 8341,D 8404 8443,H 9583 9910,G 5402 5236,M 0714 2902,H 0632 0623,S 2402 2381,N 9943 9439;9 839 727;eur;
2018007;LUNDI   ;15/01/2018;17/03/2018;15;28;22;2;5;2;2-5-15-22-28+2;0;2000000;2;100000;63;1000;657;500;2198;50;20194;20;23399;10;233935;5;226953;2,2;10;20000;A 5510 0346,B 0171 6076,T 4129 9018,E 5120 7903,C 2384 3388,G 7962 0045,M 6671 1900,R 8298 7122,D 3483 0954,C 2202 7719;0 543 937;eur;
2018006;SAMEDI  ;13/01/2018;15/03/2018;48;35;20;31;36;10;20-31-35-36-48+10;1;4000000;3;100000;30;1000;318;500;1564;50;16236;20;24308;10;269699;5;408415;2,2;10;20000;D 9160 6048,S 6498 6828,F 5005 9445,R 7745 3892,D 7472 5353,P 4524 1777,L 5500 5048,A 3099 0616,M 9106 2170,F 9574 5311;4 566 954;eur;
2018005;MERCREDI;10/01/2018;12/03/2018;7;49;18;9;16;3;7-9-16-18-49+3;0;3000000;8;100000;67;1000;606;500;2801;50;25193;20;36743;10;314234;5;381433;2,2;10;20000;Q 2862 7922,E 0024 4004,H 9452 5418,K 3921 5354,U 0392 9200,E 5421 7439,T 7846 9412,T 0537 4443,N 9896 8947,V 9372 2171;7 557 271;eur;
2018004;LUNDI   ;08/01/2018;10/03/2018;8;44;37;43;45;2;8-37-43-44-45+2;0;2000000;0;100000;17;1000;196;500;987;50;10277;20;15167;10;158301;5;257292;2,2;10;20000;T 1242 3233,F 1283 3643,E 3815 9056,T 4523 3231,P 0926 6459,T 9923 2612,P 5720 6794,V 9367 0261,H 1127 4974,G 4007 8231;6 482 414;eur;
2018003;SAMEDI  ;06/01/2018;08/03/2018;45;40;17;6;31;9;6-17-31-40-45+9;1;4000000;0;100000;60;1000;447;500;2275;50;20914;20;35050;10;328051;5;513795;2,2;10;20000;H 6456 2648,T 8417 0753,F 4242 8969,G 3195 3679,M 7262 5552,V 6861 3059,C 6045 3723,F 1639 4309,R 3690 0312,I 1921 1620;6 989 246;eur;
2018002;MERCREDI;03/01/2018;05/03/2018;34;44;27;23;4;4;4-23-27-34-44+4;0;3000000;1;100000;50;1000;322;500;2221;50;16403;20;28772;10;236124;5;359238;2,2;10;20000;N 4012 4039,R 1680 4351,E 9238 0445,T 7333 6584,R 8590 8496,F 9898 1190,J 8889 7029,B 2897 4000,I 4108 0219,V 6804 1041;6 971 824;eur;
2018001;LUNDI   ;01/01/2018;03/03/2018;7;43;10;9;14;1;7-9-10-14-43+1;0;2000000;1;100000;21;1000;407;500;1573;50;17688;20;19267;10;224641;5;199827;2,2;10;20000;V 5338 4379,H 3209 2912,H 9213 7370,N 4784 9073,J 2294 0215,F 9064 1085,J 6125 5849,H 9516 8802,C 7019 5552,P 2116 4136;5 300 982;eur;
2017156;SAMEDI  ;30/12/2017;01/03/2018;40;28;35;13;12;8;12-13-28-35-40+8;1;3000000;3;100000;43;1000;565;500;2952;50;26440;20;46067;10;396931;5;588293;2,2;10;20000;T 4625 9093,O 0896 0245,P 4795 4851,Q 8671 0194,N 5953 3552,A 3607 9304,D 8969 6300,I 9768 1432,Q 5860 4565,N 4732 6489;3 233 795;eur;
2017155;MERCREDI;27/12/2017;26/02/2018;22;6;48;7;14;8;6-7-14-22-48+8;0;2000000;0;100000;42;1000;497;500;2392;50;21521;20;31036;10;288047;5;354517;2,2;10;20000;O 3231 2719,Q 3357 3751,D 0437 3201,N 7236 3631,P 1571 7283,O 7649 2053,O 3266 4046,V 4273 0487,V 1311 7782,F 1066 2782;4 385 951;eur;
2017154;LUNDI   ;25/12/2017;24/02/2018;3;31;6;10;29;8;3-6-10-29-31+8;1;3000000;5;100000;49;1000;507;500;1849;50;17966;20;21926;10;208018;5;249500;2,2;10;20000;B 7746 5779,R 2237 7891,L 9095 8204,Q 6935 9192,Q 1968 9715,B 8507 6946,H 9045 2041,I 8754 1731,H 1288 8298,K 7210 3479;8 144 040;eur;
2017153;SAMEDI  ;23/12/2017;22/02/2018;4;6;44;8;48;10;4-6-8-44-48+10;0;2000000;4;100000;59;1000;561;500;2413;50;27384;20;33659;10;395738;5;424226;2,2;10;20000;I 2490 8542,C 1840 3711,F 5127 3828,Q 0943 0343,E 9243 5504,G 4314 6909,V 3687 7529,L 5096 4805,F 0331 9230,N 7494 6156;0 964 301;eur;
2017152;MERCREDI;20/12/2017;19/02/2018;6;11;13;24;10;9;6-10-11-13-24+9;0;3000000;4;100000;76;1000;1040;500;3130;50;33340;20;34476;10;344056;5;323298;2,2;10;20000;O 9699 9114,M 4465 7586,M 5553 8795,N 9191 5767,J 2836 7829,P 6768 5661,B 6784 1878,J 6724 5247,L 5988 8779,O 0728 7829;4 654 217;eur;
2017151;LUNDI   ;18/12/2017;17/02/2018;11;39;48;10;29;9;10-11-29-39-48+9;0;2000000;0;100000;29;1000;225;500;1277;50;11615;20;19810;10;184346;5;265592;2,2;10;20000;M 3485 4494,A 3118 2562,C 3682 6223,E 9432 5080,M 9586 3966,J 9203 9415,S 6784 4154,D 6449 9484,V 3468 6081,F 3371 6800;4 933 417;eur;
2017150;SAMEDI  ;16/12/2017;15/02/2018;48;20;15;9;49;6;9-15-20-48-49+6;1;6000000;3;100000;61;1000;514;500;2539;50;24648;20;37365;10;360541;5;492695;2,2;10;20000;D 0322 4823,H 5086 4819,E 5323 7465,L 6748 8728,V 0271 4495,D 3583 7240,B 3096 5790,V 3499 2431,T 5590 5757,H 5376 9932;1 302 457;eur;
2017149;MERCREDI;13/12/2017;12/02/2018;17;49;24;43;28;8;17-24-28-43-49+8;0;5000000;2;100000;45;1000;370;500;1918;50;17617;20;27909;10;256743;5;370656;2,2;10;20000;V 2111 4940,I 4034 4059,A 1354 6192,J 2822 5720,L 6887 0550,T 5500 3068,L 4515 1563,S 6110 7006,D 7972 5611,J 3189 1393;9 428 419;eur;
2017148;LUNDI   ;11/12/2017;10/02/2018;47;34;26;43;29;4;26-29-34-43-47+4;0;4000000;1;100000;20;1000;242;500;1129;50;10517;20;17129;10;158303;5;285709;2,2;10;20000;H 4214 2715,N 6293 5731,U 5411 5946,O 8033 6590,H 9785 3350,M 9030 5836,F 6392 0493,V 2369 6489,S 2720 0502,N 8337 5816;7 614 744;eur;
2017147;SAMEDI  ;09/12/2017;08/02/2018;48;49;10;46;23;8;10-23-46-48-49+8;0;3000000;1;100000;35;1000;399;500;2280;50;20381;20;33362;10;299417;5;498167;2,2;10;20000;N 9816 4339,V 6194 1179,G 8817 4990,Q 1442 2884,R 7154 5044,R 8313 5663,M 0245 1831,K 7655 0314,E 5383 8106,G 5934 2389;0 240 465;eur;
2017146;MERCREDI;06/12/2017;05/02/2018;27;12;38;7;30;1;7-12-27-30-38+1;0;2000000;3;100000;54;1000;667;500;1833;50;24467;20;23808;10;303094;5;268933;2,2;10;20000;P 2271 2790,H 2403 9195,A 2549 7728,S 6725 3371,A 6763 7890,K 0795 0670,U 9658 1508,C 3743 3310,P 8852 5787,O 3277 7024;6 095 939;eur;
2017145;LUNDI   ;04/12/2017;03/02/2018;43;32;15;23;41;8;15-23-32-41-43+8;1;2000000;0;100000;39;1000;344;500;1284;50;11709;20;17198;10;160411;5;275290;2,2;10;20000;A 9020 4789,R 2960 3808,E 3328 8865,L 0055 0992,J 0151 7535,S 4748 4665,Q 5586 7543,Q 7776 3987,U 9718 6523,C 5871 8981;4 997 854;eur;
2017144;SAMEDI  ;02/12/2017;01/02/2018;24;45;39;33;35;1;24-33-35-39-45+1;1;13000000;0;100000;39;1000;490;500;1908;50;21794;20;26925;10;316281;5;453789;2,2;10;20000;R 1147 2201,V 9246 9434,V 9243 2441,S 8576 1062,O 9206 4643,H 7900 1968,M 9795 6241,S 3561 9423,I 2305 2830,H 7976 4932;0 255 964;eur;
2017143;MERCREDI;29/11/2017;29/01/2018;8;20;3;12;13;4;3-8-12-13-20+4;0;12000000;13;100000;111;1000;1246;500;3747;50;36375;20;40685;10;384291;5;394885;2,2;10;20000;T 5873 7109,S 9234 2673,K 3888 2685,C 7638 1870,J 3090 6562,T 1035 1119,C 1055 1558,U 6806 6684,I 6242 6017,L 2674 2542;2 783 783;eur;
2017142;LUNDI   ;27/11/2017;27/01/2018;36;5;6;39;46;6;5-6-36-39-46+6;0;11000000;1;100000;22;1000;176;500;1273;50;9880;20;19712;10;176934;5;298960;2,2;10;20000;D 4151 7427,G 7463 0912,V 9228 0845,E 3726 3205,C 0257 9518,I 9644 2605,O 6351 7432,V 9226 0837,M 3124 3868,E 6268 8838;6 225 638;eur;
2017141;SAMEDI  ;25/11/2017;25/01/2018;43;1;48;2;47;10;1-2-43-47-48+10;0;10000000;0;100000;45;1000;438;500;1739;50;17664;20;28678;10;310063;5;441634;2,2;10;20000;G 0836 1676,H 0257 7632,P 4645 8783,I 3682 8353,U 5973 3099,A 4594 6452,L 4032 9497,D 3579 3823,Q 0919 0577,T 0444 2859;3 514 909;eur;
2017140;MERCREDI;22/11/2017;22/01/2018;30;1;10;2;39;8;1-2-10-30-39+8;0;9000000;1;100000;37;1000;340;500;2025;50;19163;20;29704;10;275563;5;393550;2,2;10;20000;E 5030 9157,U 6266 4961,I 9291 8158,R 2248 4946,M 7681 9369,H 8923 6481,G 1809 9895,G 8051 3137,I 4639 2033,U 0387 5918;0 104 334;eur;
2017139;LUNDI   ;20/11/2017;20/01/2018;6;30;40;43;35;3;6-30-35-40-43+3;0;8000000;0;100000;28;1000;188;500;1119;50;10180;20;18766;10;163721;5;323530;2,2;10;20000;N 6662 4119,S 5046 0491,H 3917 1194,I 8723 3588,I 1785 8818,I 0713 5798,A 8965 7669,H 0700 6066,Q 3738 8878,R 8926 1461;1 974 110;eur;
2017138;SAMEDI  ;18/11/2017;18/01/2018;13;9;17;37;48;1;9-13-17-37-48+1;0;7000000;1;100000;47;1000;666;500;2406;50;30639;20;33230;10;412413;5;410657;2,2;10;20000;N 2430 0388,D 4232 2112,S 2627 9429,C 0024 1691,J 0878 5757,D 6255 5473,M 4224 1067,F 4198 1421,H 6064 7110,D 0631 3421;0 192 428;eur;
2017137;MERCREDI;15/11/2017;15/01/2018;12;10;16;35;14;6;10-12-14-16-35+6;0;6000000;1;100000;55;1000;564;500;2167;50;20613;20;30688;10;292196;5;359979;2,2;10;20000;V 7207 1861,O 6113 3928,I 7680 6058,O 2787 3538,U 0105 8428,Q 5610 5794,N 7272 0890,T 9348 1407,D 8435 7281,S 3430 6879;4 375 374;eur;
2017136;LUNDI   ;13/11/2017;13/01/2018;30;29;24;3;43;5;3-24-29-30-43+5;0;5000000;2;100000;30;1000;229;500;1692;50;12534;20;25394;10;192764;5;351005;2,2;10;20000;L 1996 3064,D 2000 9038,U 4107 9520,F 5484 2648,K 0821 6657,K 7500 9071,E 7081 2623,A 7777 3846,K 5786 1554,Q 7845 4795;0 948 775;eur;
2017135;SAMEDI  ;11/11/2017;11/01/2018;40;47;48;1;36;3;1-36-40-47-48+3;0;4000000;1;100000;27;1000;266;500;1598;50;14764;20;27262;10;246185;5;529871;2,2;10;20000;N 3693 9598,R 7477 3930,B 9553 2000,D 4023 8971,Q 5502 1412,B 6019 7475,D 2382 3692,L 6006 6782,G 1119 6962,A 4193 6032;9 247 894;eur;
2017134;MERCREDI;08/11/2017;08/01/2018;37;41;13;26;2;5;2-13-26-37-41+5;0;3000000;1;100000;55;1000;381;500;2039;50;16115;20;30920;10;239538;5;435231;2,2;10;20000;R 5838 3316,V 5110 9179,S 0001 3108,G 2318 1211,T 8545 7281,B 5869 1200,P 2927 7925,L 6876 3360,E 1858 7615,T 7879 4256;4 516 554;eur;
2017133;LUNDI   ;06/11/2017;06/01/2018;30;45;49;27;48;1;27-30-45-48-49+1;0;2000000;2;100000;23;1000;253;500;912;50;11203;20;14409;10;171382;5;218529;2,2;10;20000;B 6149 9386,J 3514 1733,P 4084 2690,V 9147 1947,J 9896 1356,Q 6155 0667,Q 3576 9653,F 5525 6916,C 1994 9926,C 0830 9182;1 149 884;eur;
2017132;SAMEDI  ;04/11/2017;04/01/2018;23;7;38;35;6;7;6-7-23-35-38+7;1;2000000;0;100000;57;1000;393;500;3511;50;20497;20;57792;10;320600;5;775420;2,2;10;20000;G 2697 4558,K 7247 8829,U 7601 7244,S 1257 9812,M 6977 6753,O 5542 0144,K 7584 8129,Q 9651 1698,O 1099 8121,D 9024 2278;3 141 767;eur;
2017131;MERCREDI;01/11/2017;01/01/2018;18;8;26;9;32;1;8-9-18-26-32+1;1;3000000;1;100000;38;1000;371;500;1484;50;18005;20;20508;10;252070;5;252808;2,2;10;20000;O 3562 0824,N 3205 0694,Q 7548 9029,K 3018 3877,I 4052 2163,M 2267 5924,F 9899 9664,T 4611 9577,M 8079 8700,O 8811 2830;3 193 695;eur;
2017130;LUNDI   ;30/10/2017;30/12/2017;32;42;12;44;34;5;12-32-34-42-44+5;0;2000000;4;100000;46;1000;308;500;1374;50;11393;20;20204;10;157438;5;337550;2,2;10;20000;Q 5868 1745,T 1135 2597,L 3975 7672,M 3830 7529,C 4988 3040,N 9127 8682,E 7267 8923,H 8601 3726,T 6057 8444,J 4566 5174;7 713 978;eur;
2017129;SAMEDI  ;28/10/2017;28/12/2017;22;12;47;5;29;8;5-12-22-29-47+8;1;5000000;5;100000;123;1000;861;500;3804;50;33268;20;45732;10;411396;5;516855;2,2;10;20000;I 5642 2826,L 0595 2410,B 7353 2285,E 9789 7281,G 9183 4912,U 7684 0357,N 2276 5961,H 5120 2741,T 0584 7543,S 5575 7555;9 928 508;eur;
2017128;MERCREDI;25/10/2017;25/12/2017;9;3;19;41;43;8;3-9-19-41-43+8;0;4000000;5;100000;41;1000;409;500;1826;50;18665;20;26899;10;268010;5;358746;2,2;10;20000;P 9090 4328,K 5867 9342,U 5095 8636,C 1075 7612,H 9895 9234,V 9096 7743,M 6954 5189,L 8429 9283,M 9556 9661,V 1525 5391;6 993 949;eur;
2017127;LUNDI   ;23/10/2017;23/12/2017;12;21;47;44;25;3;12-21-25-44-47+3;0;3000000;3;100000;34;1000;283;500;1570;50;13530;20;22462;10;192896;5;293879;2,2;10;20000;Q 7436 0270,F 1311 2640,O 8015 8966,E 5161 8157,R 6588 5147,I 5295 8731,D 0397 7662,J 8002 9279,V 9109 6332,T 8525 5314;6 450 229;eur;
2017126;SAMEDI  ;21/10/2017;21/12/2017;2;42;6;20;21;8;2-6-20-21-42+8;0;2000000;3;100000;73;1000;575;500;2801;50;26511;20;40414;10;369817;5;521397;2,2;10;20000;O 4977 9138,K 4072 5130,Q 2037 9675,K 4225 9459,K 4417 1507,O 3050 1028,G 0762 2460,O 1332 2970,I 1645 0410,F 3074 6088;1 642 467;eur;
2017125;MERCREDI;18/10/2017;18/12/2017;5;13;25;12;24;7;5-12-13-24-25+7;1;3000000;4;100000;168;1000;814;500;5897;50;29117;20;65277;10;333740;5;573486;2,2;10;20000;I 9809 1137,S 8761 6844,K 1692 4312,B 5387 3962,J 0875 2999,K 3208 3351,E 7635 7965,J 8875 7257,F 1070 4826,Q 0856 7986;2 125 370;eur;
2017124;LUNDI   ;16/10/2017;16/12/2017;39;48;30;5;32;8;5-30-32-39-48+8;0;2000000;2;100000;31;1000;200;500;1297;50;9803;20;19900;10;159173;5;310317;2,2;10;20000;D 7955 8639,E 8981 3703,G 3555 4569,C 7743 8694,Q 8381 2120,V 3884 9368,C 9307 3705,P 8826 0603,E 5904 9630,H 1601 5741;1 245 698;eur;
2017123;SAMEDI  ;14/10/2017;14/12/2017;18;20;38;43;47;3;18-20-38-43-47+3;1;14000000;3;100000;50;1000;423;500;2450;50;20172;20;37807;10;324325;5;619580;2,2;10;20000;M 5961 4698,L 9021 9180,B 8384 7802,L 5819 1142,A 9160 3029,O 6672 9935,D 2604 2833,E 5554 6425,N 5312 0731,S 4473 7643;0 505 863;eur;
2017122;MERCREDI;11/10/2017;11/12/2017;44;48;6;29;15;4;6-15-29-44-48+4;2;1500000;2;100000;31;1000;308;500;1560;50;14620;20;24617;10;223682;5;353995;2,2;10;20000;P 5476 7482,I 1150 0122,M 3436 9248,B 2964 5995,H 3114 3719,D 1038 7027,U 1556 5831,N 5972 0080,I 4149 2082,B 2771 1072;1 577 684;eur;
2017121;LUNDI   ;09/10/2017;09/12/2017;47;30;6;15;3;9;3-6-15-30-47+9;0;2000000;0;100000;37;1000;309;500;1541;50;14545;20;21114;10;197384;5;270114;2,2;10;20000;S 9447 0434,J 8147 1180,J 2217 6856,F 7911 8866,P 3416 3613,V 9061 8248,Q 0716 1408,V 9058 9323,P 3890 2786,P 0509 1673;4 232 417;eur;
2017120;SAMEDI  ;07/10/2017;07/12/2017;41;44;8;37;46;3;8-37-41-44-46+3;1;3000000;0;100000;41;1000;363;500;2012;50;18055;20;31252;10;277539;5;553210;2,2;10;20000;E 3742 3682,M 8466 0308,B 7589 2451,H 5459 2679,K 3913 1961,O 0696 3931,U 0646 4154,D 9288 3454,O 2316 4666,I 2663 6865;8 634 684;eur;
2017119;MERCREDI;04/10/2017;04/12/2017;45;34;20;30;1;9;1-20-30-34-45+9;0;2000000;0;100000;20;1000;244;500;1459;50;13521;20;22615;10;213541;5;346390;2,2;10;20000;O 1488 3911,Q 9453 7369,N 1637 7619,V 9044 6076,A 2958 2026,J 4990 5367,S 9485 7988,G 1897 1281,A 5545 5819,F 6988 5548;6 689 153;eur;
2017118;LUNDI   ;02/10/2017;02/12/2017;1;11;28;12;20;7;1-11-12-20-28+7;2;1000000;4;100000;137;1000;619;500;4001;50;21262;20;43594;10;233775;5;421333;2,2;10;20000;A 5265 8683,O 1847 6374,I 9322 4009,F 3148 0304,P 9883 5671,F 0217 7010,S 0750 5250,P 0625 0474,K 0346 2491,H 1253 3371;7 423 448;eur;
2017117;SAMEDI  ;30/09/2017;30/11/2017;16;44;3;38;27;7;3-16-27-38-44+7;1;4000000;4;100000;86;1000;533;500;3990;50;22027;20;56450;10;314253;5;779606;2,2;10;20000;H 4863 6886,V 6267 8134,G 2524 4654,K 4804 9531,C 6487 4132,M 6770 8500,J 0824 2867,B 2949 7975,F 4216 2088,L 0324 4268;6 870 754;eur;
2017116;MERCREDI;27/09/2017;27/11/2017;13;10;16;42;35;4;10-13-16-35-42+4;0;3000000;2;100000;37;1000;377;500;1636;50;16047;20;26384;10;244005;5;346467;2,2;10;20000;S 4564 4520,M 6982 1047,L 2970 4519,J 6235 0687,K 1578 9202,J 4806 3960,S 0033 5988,D 6530 2676,G 8058 8264,D 9268 7850;4 965 826;eur;
2017115;LUNDI   ;25/09/2017;25/11/2017;37;16;17;33;34;6;16-17-33-34-37+6;0;2000000;1;100000;23;1000;273;500;1029;50;11067;20;16721;10;166680;5;258773;2,2;10;20000;Q 2098 8179,R 2526 5199,S 9534 4402,P 2323 8774,Q 2806 6213,V 0334 3044,H 4813 4621,O 5593 5593,O 9016 5564,N 4885 1021;4 517 394;eur;
2017114;SAMEDI  ;23/09/2017;23/11/2017;15;33;22;19;37;4;15-19-22-33-37+4;1;6000000;4;100000;72;1000;630;500;2818;50;25801;20;38750;10;357966;5;508830;2,2;10;20000;H 5659 6605,U 5269 0423,T 6624 5606,U 6251 8605,K 5654 3858,F 8052 2749,P 4522 6812,O 5829 9445,R 5171 3950,P 9883 4764;2 972 447;eur;
2017113;MERCREDI;20/09/2017;20/11/2017;37;6;4;17;22;6;4-6-17-22-37+6;0;5000000;2;100000;59;1000;433;500;2344;50;20531;20;30037;10;283557;5;339906;2,2;10;20000;K 3192 0798,D 1985 2839,O 6610 2384,R 7762 3003,O 4524 2756,D 8807 4144,L 6352 9772,Q 7397 9667,U 6664 6983,V 5600 0905;9 864 135;eur;
2017112;LUNDI   ;18/09/2017;18/11/2017;12;25;37;29;34;9;12-25-29-34-37+9;0;4000000;2;100000;39;1000;290;500;1402;50;13055;20;20201;10;190378;5;278295;2,2;10;20000;H 6498 4639,J 7909 9039,R 3081 9589,U 5475 2343,R 3948 5640,S 4308 6191,H 2278 6492,P 4786 6855,E 4421 3414,T 7197 2202;7 881 099;eur;
2017111;SAMEDI  ;16/09/2017;16/11/2017;37;46;4;18;16;5;4-16-18-37-46+5;0;3000000;2;100000;54;1000;465;500;2456;50;19572;20;39325;10;306825;5;593640;2,2;10;20000;A 7705 7135,D 1119 9542,N 6813 7855,F 4990 3904,K 2055 0730,R 9317 3303,G 1423 1011,N 0578 3939,R 3956 1888,B 5913 6567;0 349 561;eur;
2017110;MERCREDI;13/09/2017;13/11/2017;18;45;4;25;33;1;4-18-25-33-45+1;0;2000000;3;100000;31;1000;466;500;1338;50;17506;20;19690;10;240802;5;274989;2,2;10;20000;J 5210 1350,C 7217 9850,C 0474 0566,V 5032 8432,S 4671 8888,K 6156 6037,O 7580 5340,I 6609 6515,E 8147 7156,F 2266 3442;4 827 387;eur;
2017109;LUNDI   ;11/09/2017;11/11/2017;23;42;48;45;12;9;12-23-42-45-48+9;1;3000000;1;100000;21;1000;283;500;1348;50;13742;20;19545;10;190027;5;278265;2,2;10;20000;N 6517 0301,F 9659 9229,U 3974 2678,L 4684 7791,O 8882 3370,K 8523 2637,M 1437 5553,G 3027 2704,S 1527 9936,M 1966 3088;8 675 370;eur;
2017108;SAMEDI  ;09/09/2017;09/11/2017;44;13;19;15;39;1;13-15-19-39-44+1;0;2000000;2;100000;42;1000;466;500;1916;50;23081;20;28764;10;353539;5;389156;2,2;10;20000;Q 0425 3219,B 3257 7596,V 7113 4328,U 8396 6147,I 4357 0793,G 4635 8313,V 8212 9962,R 9754 8711,H 2238 0882,R 4933 2179;3 587 047;eur;
2017107;MERCREDI;06/09/2017;06/11/2017;49;46;28;19;39;4;19-28-39-46-49+4;1;8000000;1;100000;32;1000;367;500;1747;50;17206;20;25718;10;242440;5;393593;2,2;10;20000;G 1460 1364,N 6223 2517,H 2548 4587,P 3827 5152,P 7142 3155,U 9133 8169,L 3780 3275,N 7425 3293,N 7307 6586,P 9077 9370;7 688 236;eur;
2017106;LUNDI   ;04/09/2017;04/11/2017;33;6;27;1;35;9;1-6-27-33-35+9;0;7000000;0;100000;28;1000;237;500;1425;50;12995;20;21745;10;206426;5;294298;2,2;10;20000;U 2453 2155,A 2535 4551,B 2347 2229,G 8116 6905,J 8719 4951,K 1214 3797,D 3492 7018,V 8949 2481,O 0723 6893,P 7131 4349;2 320 132;eur;
2017105;SAMEDI  ;02/09/2017;02/11/2017;10;14;1;40;18;7;1-10-14-18-40+7;0;6000000;1;100000;109;1000;652;500;4798;50;27891;20;63660;10;361928;5;785214;2,2;10;20000;P 3787 3312,C 2810 9995,D 7521 3412,T 4233 5832,P 6041 7886,N 7154 8933,B 4247 4153,M 7788 0547,R 8274 4884,V 2620 9315;6 319 289;eur;
2017104;MERCREDI;30/08/2017;30/10/2017;29;26;7;12;47;9;7-12-26-29-47+9;0;5000000;2;100000;73;1000;600;500;2465;50;23320;20;31500;10;296825;5;349204;2,2;10;20000;V 3420 6019,G 4781 7191,A 3558 4108,T 0911 2246,N 8423 6631,B 7730 2829,A 7023 0470,M 9920 8850,P 8715 5828,U 2847 3462;8 141 873;eur;
2017103;LUNDI   ;28/08/2017;28/10/2017;6;8;20;24;42;6;6-8-20-24-42+6;0;4000000;2;100000;53;1000;340;500;2087;50;15692;20;24733;10;210319;5;266557;2,2;10;20000;L 2482 2086,O 7914 6105,S 7211 4386,G 8356 3000,P 3821 8865,F 1840 5160,P 0558 3197,Q 7630 2366,D 1894 1399,L 4708 9213;2 557 289;eur;
2017102;SAMEDI  ;26/08/2017;26/10/2017;10;40;35;32;38;3;10-32-35-38-40+3;0;3000000;0;100000;29;1000;323;500;1761;50;15642;20;27888;10;245232;5;513162;2,2;10;20000;R 8119 8756,F 0212 1620,H 3827 1537,P 9424 2722,S 2253 1266,T 3010 2487,C 1570 0143,A 6393 9096,Q 2304 2736,R 2583 3101;0 276 011;eur;
2017101;MERCREDI;23/08/2017;23/10/2017;32;23;16;1;4;7;1-4-16-23-32+7;0;2000000;0;100000;71;1000;401;500;3118;50;17243;20;42221;10;228126;5;540580;2,2;10;20000;I 1677 0884,V 2487 1674,T 4862 6265,O 4369 9215,E 6182 8985,F 5804 2857,R 4450 4595,L 1520 4105,P 3846 4670,C 7046 6525;0 053 349;eur;
2017100;LUNDI   ;21/08/2017;21/10/2017;8;36;43;27;14;5;8-14-27-36-43+5;1;2000000;2;100000;38;1000;277;500;1722;50;11726;20;24184;10;172981;5;331125;2,2;10;20000;S 0812 8504,O 2768 5008,N 3107 5168,C 8359 3580,H 7050 3510,R 8488 6889,M 1147 0826,V 3463 2879,H 7983 8003,D 6966 8090;8 291 617;eur;
2017099;SAMEDI  ;19/08/2017;19/10/2017;39;8;40;21;7;7;7-8-21-39-40+7;1;4000000;1;100000;64;1000;368;500;3485;50;19428;20;56802;10;312504;5;744155;2,2;10;20000;J 5377 2238,H 4410 2236,E 6243 1183,Q 5107 2034,O 2209 4153,I 9362 9899,A 6718 3722,R 2389 3860,F 0996 6842,A 2545 2483;2 213 484;eur;
2017098;MERCREDI;16/08/2017;16/10/2017;31;29;25;19;41;4;19-25-29-31-41+4;0;3000000;0;100000;32;1000;293;500;1628;50;15244;20;23439;10;224777;5;329708;2,2;10;20000;G 2269 7335,T 0697 4116,F 0314 4947,L 9462 7906,R 5002 1896,N 2489 8781,M 0615 8922,B 5938 8231,A 1300 2479,I 6491 8547;9 270 840;eur;
2017097;LUNDI   ;14/08/2017;14/10/2017;13;15;39;2;9;4;2-9-13-15-39+4;0;2000000;1;100000;31;1000;353;500;1671;50;16127;20;22655;10;213155;5;267564;2,2;10;20000;F 2648 3297,C 3193 8173,E 8485 0537,P 0124 5819,M 2022 9881,R 0965 2265,P 8018 7231,P 9343 7476,M 1539 8530,D 3634 6233;2 750 075;eur;
2017096;SAMEDI  ;12/08/2017;12/10/2017;13;36;41;15;5;10;5-13-15-36-41+10;1;5000000;4;100000;41;1000;491;500;1861;50;23073;20;28726;10;354257;5;384469;2,2;10;20000;F 1083 8674,D 5971 2472,B 2288 9995,B 7965 9061,U 8735 9398,E 4396 5164,F 1728 3815,S 0398 8956,S 1829 0409,K 1936 4013;3 484 008;eur;
2017095;MERCREDI;09/08/2017;09/10/2017;32;38;36;31;49;1;31-32-36-38-49+1;0;4000000;2;100000;19;1000;291;500;1083;50;11527;20;16082;10;181121;5;285558;2,2;10;20000;K 7480 2856,S 6330 2006,J 3782 6114,F 7419 0648,G 4655 2184,S 2263 3467,V 8874 9630,K 1681 9326,F 3309 4792,E 5487 7782;8 703 848;eur;
2017094;LUNDI   ;07/08/2017;07/10/2017;38;24;42;21;14;4;14-21-24-38-42+4;0;3000000;2;100000;38;1000;315;500;1553;50;13081;20;20489;10;180174;5;283676;2,2;10;20000;K 0378 3641,E 1090 2115,G 2982 6311,K 9897 1187,K 8341 0983,E 4919 4479,P 0558 5678,M 0203 0803,B 6911 6426,R 5801 1210;1 453 427;eur;
2017093;SAMEDI  ;05/08/2017;05/10/2017;3;25;30;13;37;2;3-13-25-30-37+2;0;2000000;1;100000;64;1000;713;500;2353;50;27467;20;31413;10;365292;5;407458;2,2;10;20000;B 7886 6505,V 5421 3164,G 7686 9573,F 6621 1873,O 2761 5107,A 8997 4751,R 2361 2271,R 0995 7296,M 1153 3980,K 4765 4026;8 967 878;eur;
2017092;MERCREDI;02/08/2017;02/10/2017;34;30;9;12;32;7;9-12-30-32-34+7;1;4000000;0;100000;44;1000;333;500;2627;50;15660;20;41365;10;237668;5;568999;2,2;10;20000;J 3538 3925,O 1317 8346,E 6480 0940,A 6755 4099,M 5246 6591,O 9383 2671,I 5557 6953,J 2946 3672,Q 2790 6305,E 7383 8200;1 782 270;eur;
2017091;LUNDI   ;31/07/2017;30/09/2017;45;37;47;25;31;7;25-31-37-45-47+7;0;3000000;0;100000;41;1000;209;500;1685;50;9408;20;26016;10;146925;5;446558;2,2;10;20000;T 2295 5573,T 0192 5873,Q 7647 8714,I 8144 9914,F 5185 7075,V 8841 9607,V 8845 0227,M 6965 0296,I 6314 9501,T 2934 6925;4 029 015;eur;
2017090;SAMEDI  ;29/07/2017;28/09/2017;24;41;45;23;10;1;10-23-24-41-45+1;0;2000000;1;100000;47;1000;368;500;1813;50;20087;20;27632;10;319909;5;381558;2,2;10;20000;N 9271 5573,T 0540 6073,O 8825 6067,J 4017 5921,T 9961 8467,P 5243 2546,A 2414 7007,F 3828 7547,R 7425 2888,S 4553 5940;3 594 688;eur;
2017089;MERCREDI;26/07/2017;25/09/2017;13;44;35;3;25;2;3-13-25-35-44+2;1;2000000;2;100000;29;1000;493;500;1525;50;17907;20;21341;10;254229;5;294203;2,2;10;20000;D 0851 7884,L 1829 2343,J 5706 3905,O 2032 6901,A 0385 8971,I 5043 3062,S 8773 3345,B 9928 5197,U 7821 0477,K 2370 2745;5 632 466;eur;
2017088;LUNDI   ;24/07/2017;23/09/2017;14;11;38;21;35;3;11-14-21-35-38+3;1;3000000;2;100000;35;1000;269;500;1437;50;12632;20;22293;10;184959;5;307283;2,2;10;20000;T 1076 2686,P 6788 4754,C 2819 6665,Q 6546 4372,S 2375 4323,K 0326 4886,D 1690 7037,N 5643 5131,A 9133 4488,T 5918 7564;0 807 480;eur;
2017087;SAMEDI  ;22/07/2017;21/09/2017;40;30;16;5;28;9;5-16-28-30-40+9;0;2000000;4;100000;52;1000;600;500;2496;50;25226;20;35265;10;342423;5;480504;2,2;10;20000;F 3347 4657,E 4993 2635,D 4162 0234,M 4324 1858,C 4321 3543,Q 5810 2747,J 4029 9504,T 5521 5968,U 5292 4366,R 8631 7046;7 926 316;eur;
2017086;MERCREDI;19/07/2017;18/09/2017;16;26;6;8;9;7;6-8-9-16-26+7;1;17000000;5;100000;163;1000;762;500;5289;50;30179;20;59769;10;338667;5;665756;2,2;10;20000;U 3285 7630,C 7543 7951,B 9961 4051,L 0863 4406,E 1954 2135,Q 4680 5656,P 5797 5114,R 3291 1828,V 8787 1092,E 6337 7644;5 963 697;eur;
2017085;LUNDI   ;17/07/2017;16/09/2017;40;41;5;33;16;2;5-16-33-40-41+2;0;16000000;0;100000;29;1000;284;500;1358;50;14515;20;18967;10;214792;5;291934;2,2;10;20000;S 3560 7765,V 8740 6942,P 4898 6536,H 3689 7080,F 4743 3563,G 8616 1989,Q 3588 3434,P 4247 6617,R 1561 0470,M 3896 2318;6 724 127;eur;
2017084;SAMEDI  ;15/07/2017;14/09/2017;34;37;24;48;29;2;24-29-34-37-48+2;0;15000000;2;100000;47;1000;479;500;1989;50;22077;20;29741;10;321860;5;481662;2,2;10;20000;S 7160 3657,V 8772 8462,K 4612 8880,O 5256 5690,J 5221 6089,U 5853 2825,P 5560 7149,G 5076 8725,Q 5584 7481,E 4006 8697;2 186 266;eur;
2017083;MERCREDI;12/07/2017;11/09/2017;3;16;31;43;18;5;3-16-18-31-43+5;0;14000000;3;100000;70;1000;544;500;3033;50;22924;20;43497;10;324691;5;584855;2,2;10;20000;F 5014 4266,K 6563 8804,G 3526 9877,H 7223 0368,U 3536 7403,Q 7754 8901,E 4513 7450,P 2634 4253,R 5909 2815,O 0601 4023;1 143 286;eur;
2017082;LUNDI   ;10/07/2017;09/09/2017;23;43;17;21;18;4;17-18-21-23-43+4;0;13000000;1;100000;32;1000;359;500;1822;50;16993;20;26979;10;241566;5;361544;2,2;10;20000;J 6239 7964,M 9500 4598,V 8129 6240,C 4602 3993,N 1078 9112,Q 1835 9282,T 1581 2530,A 3796 2815,B 2015 6509,L 7375 9613;7 251 874;eur;
2017081;SAMEDI  ;08/07/2017;07/09/2017;9;30;46;43;31;10;9-30-31-43-46+10;0;12000000;1;100000;33;1000;378;500;1894;50;20478;20;29124;10;330447;5;429979;2,2;10;20000;E 2541 1049,C 1306 4405,H 5735 3149,Q 6077 0237,V 8738 5367,J 2354 4529,A 7718 6981,E 8675 7727,T 4220 9737,I 2039 8622;9 015 282;eur;
2017080;MERCREDI;05/07/2017;04/09/2017;18;29;17;34;8;6;8-17-18-29-34+6;0;11000000;0;100000;47;1000;457;500;2058;50;20712;20;29034;10;289374;5;381546;2,2;10;20000;J 7878 1213,F 7700 0853,V 8714 2027,M 3774 5900,E 4123 0871,R 9291 6724,R 0641 9792,N 6260 6433,C 5977 5808,A 8800 6187;6 067 827;eur;
2017079;LUNDI   ;03/07/2017;02/09/2017;48;8;10;28;2;2;2-8-10-28-48+2;0;10000000;11;100000;65;1000;583;500;2308;50;20562;20;26245;10;244889;5;271807;2,2;10;20000;S 9927 0703,K 5284 4847,F 5501 4641,C 6330 7983,S 6836 6528,K 4876 5676,P 2391 6891,K 6351 1043,A 7668 9048,M 5781 1886;8 127 607;eur;
2017078;SAMEDI  ;01/07/2017;31/08/2017;26;47;16;33;21;8;16-21-26-33-47+8;0;9000000;2;100000;49;1000;498;500;2577;50;22979;20;37328;10;333477;5;549705;2,2;10;20000;G 1907 9403,C 9478 4721,I 5867 6178,S 4685 4764,T 6229 4818,K 1686 0706,A 4785 4844,E 8756 5193,T 8379 8494,R 1195 5145;0 538 965;eur;
2017077;MERCREDI;28/06/2017;28/08/2017;48;30;37;29;9;1;9-29-30-37-48+1;0;8000000;0;100000;33;1000;300;500;1259;50;14910;20;19351;10;235130;5;291622;2,2;10;20000;P 3941 6224,S 3148 6405,Q 0142 7288,U 5006 7875,B 1017 0402,R 4894 3101,O 2120 3802,R 3191 5222,B 3352 1041,H 4539 0565;4 249 660;eur;
2017076;LUNDI   ;26/06/2017;26/08/2017;1;49;5;29;38;9;1-5-29-38-49+9;0;7000000;2;100000;41;1000;351;500;1629;50;15067;20;22135;10;206732;5;275797;2,2;10;20000;T 7900 7716,S 6214 3672,T 5919 7561,D 7645 6963,C 0768 0798,J 5343 8984,V 8128 6687,Q 9144 5258,G 7914 8437,D 3642 2958;9 055 366;eur;
2017075;SAMEDI  ;24/06/2017;24/08/2017;48;27;23;35;24;5;23-24-27-35-48+5;0;6000000;1;100000;51;1000;370;500;2420;50;19596;20;39113;10;303213;5;590578;2,2;10;20000;A 3909 4555,Q 7708 6220,S 9071 4362,D 6176 0978,N 3271 7146,M 6335 7210,I 3955 7914,E 0188 7963,F 8356 1710,O 0117 4255;3 700 223;eur;
2017074;MERCREDI;21/06/2017;21/08/2017;12;22;34;18;39;6;12-18-22-34-39+6;0;5000000;0;100000;30;1000;366;500;1728;50;15952;20;25973;10;242549;5;341034;2,2;10;20000;H 1336 4083,P 7977 3518,Q 0728 0584,N 9503 8070,A 7747 3778,M 2355 6827,N 9542 6593,O 4391 7739,I 2965 1699,C 7958 6628;9 742 740;eur;
2017073;LUNDI   ;19/06/2017;19/08/2017;25;43;18;47;40;9;18-25-40-43-47+9;0;4000000;0;100000;19;1000;203;500;1131;50;10165;20;17202;10;159219;5;271526;2,2;10;20000;K 4457 7910,R 7009 4233,I 3631 8620,U 8719 1166,D 4362 6644,F 5262 0620,T 5149 5126,B 3618 8297,V 8653 2735,S 5172 4158;9 753 566;eur;
2017072;SAMEDI  ;17/06/2017;17/08/2017;26;25;40;14;39;3;14-25-26-39-40+3;0;3000000;1;100000;33;1000;359;500;2069;50;18034;20;32850;10;289928;5;527581;2,2;10;20000;N 5212 4350,J 4555 3373,T 4380 0944,A 7276 1150,B 5786 8931,Q 1440 9168,B 5495 7523,C 0425 2648,I 0013 0946,V 4872 5947;9 485 584;eur;
2017071;MERCREDI;14/06/2017;14/08/2017;44;43;49;41;31;5;31-41-43-44-49+5;0;2000000;2;100000;41;1000;352;500;1625;50;12810;20;23566;10;179784;5;438282;2,2;10;20000;J 8984 1020,T 1567 4616,I 7618 7741,P 0351 8772,J 8393 7702,J 1049 8949,Q 9923 0018,T 8971 5819,Q 3425 6663,F 7782 9219;0 865 285;eur;
2017070;LUNDI   ;12/06/2017;12/08/2017;5;29;4;7;27;5;4-5-7-27-29+5;2;4000000;2;100000;64;1000;581;500;3086;50;22568;20;37194;10;273180;5;356219;2,2;10;20000;Q 6493 8650,I 9615 2199,M 5025 1805,O 3943 9707,I 8249 2175,Q 9350 6753,A 8865 8155,M 8276 6026,E 7903 6640,U 0706 1098;7 577 137;eur;
2017069;SAMEDI  ;10/06/2017;10/08/2017;49;34;37;36;8;10;8-34-36-37-49+10;0;7000000;0;100000;34;1000;350;500;1727;50;18453;20;27017;10;297371;5;419537;2,2;10;20000;C 0865 4178,V 3013 4354,J 0855 3295,R 8808 9447,B 8348 6716,F 4356 9731,V 5592 0849,R 3663 3717,V 0726 1321,V 8625 9832;3 705 633;eur;
2017068;MERCREDI;07/06/2017;07/08/2017;22;43;36;40;21;5;21-22-36-40-43+5;0;6000000;0;100000;48;1000;254;500;1695;50;12754;20;28040;10;209684;5;472428;2,2;10;20000;U 1227 3007,H 9893 4444,J 5869 2215,K 5051 0991,V 8615 4272,G 1162 4048,S 7762 2778,V 8609 6528,Q 6757 8531,K 7777 7999;2 101 814;eur;
2017067;LUNDI   ;05/06/2017;05/08/2017;49;12;17;41;21;7;12-17-21-41-49+7;0;5000000;3;100000;51;1000;261;500;2363;50;12037;20;34470;10;176348;5;417257;2,2;10;20000;V 6166 5514,A 3747 5260,V 6879 9648,G 8000 2572,V 8147 1329,N 2640 1324,J 7148 9683,T 7037 7814,U 6402 5302,H 0481 4824;7 910 638;eur;
2017066;SAMEDI  ;03/06/2017;03/08/2017;23;45;36;34;44;3;23-34-36-44-45+3;0;4000000;0;100000;46;1000;426;500;2327;50;20504;20;33328;10;290094;5;576604;2,2;10;20000;E 2955 4061,N 1269 2221,Q 6736 4184,F 6414 7182,H 5586 0401,G 8295 5125,S 3942 0153,C 0486 5642,J 9611 2918,M 1444 7204;7 224 655;eur;
2017065;MERCREDI;31/05/2017;31/07/2017;1;36;9;41;27;1;1-9-27-36-41+1;0;3000000;1;100000;27;1000;355;500;1593;50;17431;20;23420;10;256511;5;289182;2,2;10;20000;F 8597 9036,M 7239 1498,U 7492 8252,G 4605 4801,V 8591 3939,G 1763 2548,V 1415 2032,N 2588 5837,V 2772 5388,O 9147 5101;8 587 432;eur;
2017064;LUNDI   ;29/05/2017;29/07/2017;40;43;39;41;1;9;1-39-40-41-43+9;0;2000000;0;100000;16;1000;266;500;986;50;9039;20;14997;10;141966;5;278477;2,2;10;20000;B 0931 4210,H 8056 6495,V 4419 7447,J 6092 2479,S 2182 7771,F 7570 3160,L 9224 1139,C 5282 8265,A 9117 9559,C 8054 8321;0 104 189;eur;
2017063;SAMEDI  ;27/05/2017;27/07/2017;9;8;28;40;17;8;8-9-17-28-40+8;2;5000000;5;100000;121;1000;886;500;4453;50;36739;20;58720;10;497718;5;667965;2,2;10;20000;M 2176 9694,S 1965 0170,K 0892 6524,S 4185 9868,R 5145 1361,G 0697 9733,R 3578 9823,H 8354 5160,N 1101 2952,U 9028 6238;7 266 157;eur;
2017062;MERCREDI;24/05/2017;24/07/2017;17;22;18;8;30;5;8-17-18-22-30+5;1;5000000;2;100000;113;1000;661;500;3416;50;24216;20;41508;10;300903;5;458551;2,2;10;20000;C 2876 7931,P 4959 9740,C 1338 9637,L 9053 1429,P 2895 3937,D 8961 8967,S 5435 4535,G 1176 2834,F 4690 9125,K 5250 4122;7 827 128;eur;
2017061;LUNDI   ;22/05/2017;22/07/2017;27;21;22;7;31;10;7-21-22-27-31+10;0;4000000;1;100000;33;1000;468;500;1473;50;20004;20;18653;10;253917;5;218319;2,2;10;20000;F 9700 0682,H 0673 1352,J 3584 1735,P 1410 6391,B 7775 6705,L 9156 6213,L 9453 8169,H 1771 9454,E 0407 5795,G 3991 3206;9 755 268;eur;
2017060;SAMEDI  ;20/05/2017;20/07/2017;33;31;28;34;42;3;28-31-33-34-42+3;0;3000000;2;100000;42;1000;394;500;2086;50;18588;20;32878;10;282897;5;537311;2,2;10;20000;I 0290 4339,A 9842 2541,U 0172 9497,D 8580 7467,D 4048 1888,I 0817 8538,J 7399 2740,T 8435 1439,I 3354 5339,H 5633 2095;6 115 927;eur;
2017059;MERCREDI;17/05/2017;17/07/2017;25;44;6;30;22;7;6-22-25-30-44+7;0;2000000;0;100000;72;1000;397;500;3115;50;17351;20;43466;10;240086;5;576992;2,2;10;20000;T 0732 7229,F 4255 1080,M 7743 2078,G 2804 3408,T 1466 8490,L 5639 1652,P 2079 3723,O 0594 4868,V 3116 6294,O 7355 6010;3 037 073;eur;
2017058;LUNDI   ;15/05/2017;15/07/2017;22;13;1;27;5;1;1-5-13-22-27+1;1;9000000;2;100000;98;1000;946;500;3088;50;30018;20;27740;10;303816;5;249325;2,2;10;20000;D 9279 3015,M 7086 3634,H 0390 9854,G 7783 2262,D 5094 7928,U 6719 8738,R 5502 4181,E 4196 7636,S 2095 5629,N 4851 7696;7 494 788;eur;
2017057;SAMEDI  ;13/05/2017;13/07/2017;16;13;9;28;47;10;9-13-16-28-47+10;0;8000000;4;100000;69;1000;819;500;2706;50;34290;20;35558;10;451655;5;434287;2,2;10;20000;B 8806 3853,P 4717 0913,G 6495 1271,M 5594 6199,P 5303 2610,I 7771 0801,D 5874 9309,E 2986 6314,I 8554 2950,O 4619 3647;5 065 672;eur;
2017056;MERCREDI;10/05/2017;10/07/2017;30;22;20;43;12;9;12-20-22-30-43+9;0;7000000;2;100000;46;1000;504;500;2259;50;22017;20;30459;10;304607;5;384513;2,2;10;20000;H 0674 7486,S 7680 6797,V 6554 6912,J 2148 4783,E 3584 3158,A 4292 5630,C 8926 6980,M 0791 6586,D 4064 7367,E 7220 9861;7 506 269;eur;
2017055;LUNDI   ;08/05/2017;08/07/2017;33;7;47;22;43;6;7-22-33-43-47+6;0;6000000;0;100000;36;1000;368;500;1419;50;14449;20;19190;10;195067;5;270147;2,2;10;20000;P 1311 6740,N 7646 6466,P 0615 2050,M 4867 1205,K 8929 5990,G 2274 9645,F 3894 3445,A 3044 4877,D 2306 4671,K 6013 6218;6 769 893;eur;
2017054;SAMEDI  ;06/05/2017;06/07/2017;27;41;34;6;45;5;6-27-34-41-45+5;0;5000000;2;100000;60;1000;496;500;2795;50;21275;20;41209;10;319496;5;652214;2,2;10;20000;R 6448 7247,T 5070 6071,L 1770 4043,F 5297 1229,N 3729 6576,A 6285 5269,D 5939 8706,D 2808 2063,N 8930 7369,T 3932 2223;9 412 643;eur;
2017053;MERCREDI;03/05/2017;03/07/2017;20;15;27;46;6;3;6-15-20-27-46+3;0;4000000;7;100000;51;1000;494;500;2288;50;19945;20;31292;10;273390;5;411442;2,2;10;20000;D 1829 8661,H 9849 1986,B 2314 9499,C 1476 7747,J 2289 4966,R 2514 3097,N 6801 8790,U 4397 1950,P 3081 5025,H 8526 5067;6 728 357;eur;
2017052;LUNDI   ;01/05/2017;01/07/2017;18;46;37;16;35;6;16-18-35-37-46+6;0;3000000;1;100000;26;1000;174;500;892;50;8009;20;14348;10;130800;5;251588;2,2;10;20000;D 6276 2588,V 8482 4098,L 3064 9759,I 2284 2108,A 0964 3815,S 9780 2929,Q 6495 8126,R 0433 6135,Q 8613 8664,E 9362 8366;1 612 220;eur;
2017051;SAMEDI  ;29/04/2017;29/06/2017;48;37;46;44;34;9;34-37-44-46-48+9;0;2000000;3;100000;49;1000;515;500;1875;50;17983;20;27478;10;259903;5;505369;2,2;10;20000;S 3484 2989,F 7862 6841,N 2744 5602,F 1708 5480,R 7360 3555,C 0628 6343,U 6960 3711,E 8626 2646,R 8494 8773,D 2469 3799;0 193 908;eur;
2017050;MERCREDI;26/04/2017;26/06/2017;27;6;8;14;16;5;6-8-14-16-27+5;3;3666667;3;100000;116;1000;812;500;3692;50;28572;20;42350;10;332406;5;469603;2,2;10;20000;U 7082 5433,B 9360 5948,U 8279 8151,G 6485 6258,L 4661 6942,N 4877 1179,D 8049 0481,J 6585 2167,E 5599 4144,N 1002 8452;0 058 079;eur;
2017049;LUNDI   ;24/04/2017;24/06/2017;7;42;28;45;41;9;7-28-41-42-45+9;0;10000000;0;100000;20;1000;241;500;1440;50;13873;20;21332;10;210577;5;303237;2,2;10;20000;U 5697 3152,I 7294 8338,H 6646 9309,K 9252 4604,N 2510 9271,G 7935 8286,S 2479 1752,S 2570 5911,L 8118 9811,G 9470 5076;3 463 838;eur;
2017048;SAMEDI  ;22/04/2017;22/06/2017;17;21;31;1;46;5;1-17-21-31-46+5;0;9000000;2;100000;65;1000;555;500;3288;50;24980;20;46623;10;357716;5;633404;2,2;10;20000;I 8419 0261,V 0677 2990,O 9294 0186,L 1642 0588,F 8153 7323,N 7650 2124,I 1147 7715,O 2445 7711,V 6423 8106,G 9884 0678;5 626 591;eur;
2017047;MERCREDI;19/04/2017;19/06/2017;47;39;38;41;48;9;38-39-41-47-48+9;0;8000000;2;100000;49;1000;317;500;1424;50;11564;20;20751;10;191425;5;386313;2,2;10;20000;J 7266 8010,G 4431 0737,E 2435 9250,B 3239 4813,A 1088 8759,C 1799 8776,A 8804 5354,E 4379 9452,L 3885 3475,M 5699 7894;0 272 615;eur;
2017046;LUNDI   ;17/04/2017;17/06/2017;8;36;46;4;33;7;4-8-33-36-46+7;0;7000000;0;100000;37;1000;195;500;1430;50;9015;20;25371;10;149820;5;434927;2,2;10;20000;E 9302 2067,K 2291 3915,V 8421 2651,V 6020 0767,O 6725 1493,D 2548 0111,T 6076 4966,U 6010 7092,B 5161 0088,H 6560 1293;4 899 122;eur;
2017045;SAMEDI  ;15/04/2017;15/06/2017;28;29;41;40;49;5;28-29-40-41-49+5;0;6000000;5;100000;48;1000;401;500;2385;50;18971;20;38687;10;308128;5;643879;2,2;10;20000;S 4017 6360,B 6377 6729,S 0702 3111,H 3572 0261,K 5637 9391,A 1397 3286,L 7024 2789,S 2261 5591,K 6832 1270,G 8143 6816;2 226 362;eur;
2017044;MERCREDI;12/04/2017;12/06/2017;48;18;3;28;40;7;3-18-28-40-48+7;0;5000000;0;100000;55;1000;432;500;2814;50;16399;20;40952;10;233535;5;629481;2,2;10;20000;J 7697 5794,P 6467 5596,S 7898 7554,J 7092 5756,S 4694 1445,G 3129 1314,V 8406 5778,C 0065 2002,N 1039 4998,G 1891 0906;7 836 798;eur;
2017043;LUNDI   ;10/04/2017;10/06/2017;11;3;20;14;1;2;1-3-11-14-20+2;0;4000000;7;100000;60;1000;836;500;2118;50;24748;20;23860;10;270591;5;258966;2,2;10;20000;O 2828 3047,E 7632 8842,P 9202 4927,A 0009 0070,P 5503 6166,R 7016 9570,E 4415 6233,L 4197 1069,H 0105 2333,S 2589 8303;0 793 527;eur;
2017042;SAMEDI  ;08/04/2017;08/06/2017;17;44;18;45;29;5;17-18-29-44-45+5;0;3000000;3;100000;45;1000;422;500;2818;50;22392;20;44264;10;350577;5;621133;2,2;10;20000;P 8078 9668,M 5879 6773,V 8365 7173,M 8154 1872,K 1055 0162,M 9137 9426,F 0447 5524,S 0589 7279,B 4986 8535,C 6919 2056;6 947 526;eur;
2017041;MERCREDI;05/04/2017;05/06/2017;10;40;42;20;6;10;6-10-20-40-42+10;0;2000000;4;100000;53;1000;534;500;2170;50;21340;20;23934;10;274355;5;302007;2,2;10;20000;V 6064 0078,F 6054 0313,J 6651 8811,M 7906 9434,P 1419 4491,B 9463 1540,R 8675 8442,T 3373 1778,F 0817 2174,M 7196 2845;8 509 875;eur;
2017040;LUNDI   ;03/04/2017;03/06/2017;34;16;44;3;9;3;3-9-16-34-44+3;1;9000000;1;100000;42;1000;286;500;2190;50;15681;20;29886;10;232970;5;356938;2,2;10;20000;O 0068 7262,L 3751 9133,Q 8320 8824,Q 0826 9209,H 9658 9858,S 4123 4263,S 1121 0730,G 6245 6892,O 6803 9653,N 4234 4100;7 058 014;eur;
2017039;SAMEDI  ;01/04/2017;01/06/2017;46;2;44;9;25;9;2-9-25-44-46+9;0;8000000;5;100000;56;1000;597;500;3010;50;26766;20;43265;10;395594;5;568015;2,2;10;20000;Q 4470 2823,N 3699 6561,C 4318 4194,T 4063 4614,P 3806 5133,B 2471 9456,R 6666 2870,J 8323 0477,Q 1647 2973,L 2457 5033;0 058 569;eur;
2017038;MERCREDI;29/03/2017;29/05/2017;35;14;10;26;25;5;10-14-25-26-35+5;0;7000000;1;100000;52;1000;386;500;2699;50;19345;20;37649;10;283825;5;476227;2,2;10;20000;Q 1038 0541,B 5254 4103,T 1776 4466,N 0079 9550,A 8509 7329,A 0018 9153,A 2202 4371,T 5449 7239,K 4674 2234,N 8947 2744;3 655 708;eur;
2017037;LUNDI   ;27/03/2017;27/05/2017;2;49;9;38;18;8;2-9-18-38-49+8;0;6000000;2;100000;41;1000;383;500;1815;50;15837;20;24584;10;228452;5;324377;2,2;10;20000;Q 5720 4634,C 8774 8225,K 9356 3399,R 4062 1999,F 3460 7346,F 2101 5676,I 7207 5299,N 0506 6607,K 3271 7329,T 3656 2425;2 115 925;eur;
2017036;SAMEDI  ;25/03/2017;25/05/2017;2;5;8;43;49;1;2-5-8-43-49+1;0;5000000;2;100000;62;1000;616;500;2661;50;30705;20;36874;10;433890;5;451280;2,2;10;20000;H 8303 7561,V 6580 8868,E 8688 9005,H 7614 2551,Q 6886 5431,I 3088 0246,M 6364 1542,H 4932 9751,E 4467 6608,G 5938 9337;6 686 906;eur;
2017035;MERCREDI;22/03/2017;22/05/2017;43;25;28;2;11;5;2-11-25-28-43+5;0;4000000;1;100000;93;1000;528;500;3046;50;22594;20;39456;10;299497;5;476385;2,2;10;20000;H 5631 7927,R 2620 1009,N 9202 5994,D 8805 7141,D 9302 0397,P 1621 5022,G 8803 8490,L 7500 3228,Q 0106 3785,P 2286 2133;9 083 053;eur;
2017034;LUNDI   ;20/03/2017;20/05/2017;42;39;28;13;40;1;13-28-39-40-42+1;0;3000000;1;100000;30;1000;327;500;1210;50;14295;20;17889;10;207358;5;280060;2,2;10;20000;I 5213 9707,P 2619 6140,G 6735 2787,N 8674 1484,T 9410 8145,V 8306 8097,A 8191 3044,N 4163 9505,F 0123 4569,J 3318 4006;8 974 017;eur;
2017033;SAMEDI  ;18/03/2017;18/05/2017;33;18;1;30;6;2;1-6-18-30-33+2;0;2000000;3;100000;64;1000;700;500;2926;50;32546;20;40675;10;447200;5;526563;2,2;10;20000;L 8889 1730,Q 7301 0384,P 0432 5454,U 3810 8216,H 3533 9010,C 1645 7218,T 8200 9708,K 2085 7774,B 4746 4921,M 8222 9622;1 094 550;eur;
2017032;MERCREDI;15/03/2017;15/05/2017;25;5;46;36;31;8;5-25-31-36-46+8;1;13000000;0;100000;44;1000;416;500;2266;50;19527;20;35330;10;308986;5;544992;2,2;10;20000;I 9439 1179,L 8667 6506,I 6745 3999,M 2483 6484,G 4056 3583,H 9138 0306,H 2497 8870,U 4646 9464,E 7387 9470,Q 4488 6786;1 938 700;eur;
2017031;LUNDI   ;13/03/2017;13/05/2017;16;21;34;48;24;3;16-21-24-34-48+3;0;12000000;2;100000;38;1000;326;500;1889;50;17088;20;30484;10;262473;5;451969;2,2;10;20000;G 6187 9599,R 3795 0934,J 4775 9962,U 1034 4577,J 5508 1858,R 3374 1733,P 1883 2115,S 1184 1560,Q 1150 0756,U 4329 4517;7 531 256;eur;
2017030;SAMEDI  ;11/03/2017;11/05/2017;1;39;31;13;42;7;1-13-31-39-42+7;0;11000000;2;100000;126;1000;791;500;5859;50;35133;20;87218;10;514090;5;1175080;2,2;10;20000;U 0898 1890,V 6979 0458,Q 2589 9451,E 2045 6203,G 5630 3284,F 3437 4719,H 2978 2113,D 4301 3661,H 6838 4034,P 5884 7660;6 172 499;eur;
2017029;MERCREDI;08/03/2017;08/05/2017;40;16;46;42;47;2;16-40-42-46-47+2;0;10000000;1;100000;36;1000;354;500;1742;50;16616;20;24431;10;256230;5;425926;2,2;10;20000;F 3653 3283,B 6744 1252,S 0884 4433,D 5312 3188,A 8231 4445,M 5840 0293,P 7365 5528,N 1539 1600,S 8180 4377,F 5200 0993;3 742 051;eur;
2017028;LUNDI   ;06/03/2017;06/05/2017;26;10;6;41;3;9;3-6-10-26-41+9;0;9000000;1;100000;59;1000;582;500;2246;50;23453;20;30004;10;293219;5;367598;2,2;10;20000;P 7715 6066,C 5541 5318,N 2444 2341,E 3647 4045,C 3652 3157,T 9256 0957,P 2960 6496,P 4718 4299,P 8489 9280,E 8856 7997;1 271 524;eur;
